product_name,category,original_price,discounted_price,discount_percent,rating,review_count,estimated_units_sold
Toddler Sport Dress,Nike Dri-FIT One,25.97,8.03,23,3.71,686,297
Big Kids' Shorts,Jordan Brooklyn Fleece,29.97,5.03,14,4.27,85,122
Baby 2-Piece Set,Jordan Mini Me Flight Leggings Set,29.97,15.03,33,3.67,735,133
Baby 2-Piece Bodysuit and Leggings Set,Nike Flow-Ral,19.97,6.03,23,3.95,379,181
Baby 2-Piece Bodysuit and Leggings Set,Nike Flow-Ral,19.97,6.03,23,4.8,1,74
Baby 2-Piece Set,Nike Swoosh Motion,25.97,6.03,18,3.43,128,234
Baby 2-Piece Set,Nike Swoosh Motion,25.97,6.03,18,3.21,656,45
Baby (0-9M) 2-Piece Ruffle Shorts Set,Nike Essentials,28.97,3.03,9,4.37,84,52
Baby (0-9M) 2-Pack Romper Set,Nike Essentials,28.97,7.03,19,4.32,222,252
Baby (3-6M) 2-Piece Velour Set,Nike Wild Warmth,19.97,6.03,23,3.6,30,161
Perforated Reversible Belt,Nike Core,41.97,13.03,23,4.51,10,295
Perforated Reversible Belt,Nike Core,33.97,21.03,38,4.88,217,284
Reversible Belt,Nike Core,41.97,13.03,23,4.64,184,284
Stretch Woven Belt,Nike,41.97,13.03,23,4.05,61,238
Stretch Woven Belt,Nike,41.97,13.03,23,4.24,176,79
Men's Golf Perforated Reversible Belt,Nike Tour,33.97,21.03,38,3.58,781,289
Men's Football Belt (Stock),Nike,7.97,2.03,20,4.33,245,109
Men's Football Belt (Stock),Nike,7.97,2.03,20,4,140,243
Men's Football Belt (Stock),Nike,7.97,2.03,20,3.92,521,246
Men's Football Belt (Stock),Nike,8.97,1.03,10,3.71,37,273
Women's Golf Belt,Nike Stretch Woven,33.97,11.03,24,4.13,331,22
Women's Reversible Stretch Web Golf Belt,Nike,14.97,5.03,25,3.5,100,161
Women's Solid Stretch Woven Golf Belt,Nike,19.97,12.03,37,4.04,606,49
Baby (12-24M) Set,Jordan Air-Ress Skort Set,24.97,15.03,37,4.66,338,121
Baby 2-Piece Set,Jordan W J Brooklyn Fleece Leggings Set,44.97,5.03,10,4.08,99,244
Baby (12-24M) Retro 1984 2-Piece Bike Shorts Set,Jordan,22.97,15.03,39,4.77,24,281
Baby (12-24M) Air Hoodie and Leggings Set,Nike,52.97,27.03,33,2.93,149,310
Baby 2-Piece Set,Nike Swoosh Motion,24.97,7.03,22,4.23,954,91
Baby 2-Piece Set,Nike Swoosh Motion,19.97,12.03,37,3.51,42,83
Baby 2-Piece Set,Nike Swoosh Motion,24.97,7.03,22,4.53,225,48
Baby (12-24M) Wild Flower Fashion Dress,Nike Dri-FIT,23.97,8.03,25,3.64,468,185
Baby (12-24M) Wild Flower Fashion Dress,Nike Dri-FIT,24.97,7.03,22,5,588,250
Baby (12-24M) Runsie Romper,Nike Dri-FIT Sunny Swoosh,24.97,7.03,22,3.27,696,114
Baby (12-24M) Runsie Romper,Nike Dri-FIT Sunny Swoosh,22.97,9.03,28,3.57,101,112
Baby (12-24M) Runsie Romper,Nike Dri-FIT Sunny Swoosh,25.97,6.03,18,3.91,608,97
Baby (12-24M) 2-Pack Romper Set,Nike Essentials,28.97,7.03,19,4.54,94,114
Baby (12-24M) Wild Flower T-Shirt and Mesh Shorts Set,Nike,28.97,9.03,23,4.44,121,241
Baby (12-24M) 2-Piece Floral Track Set,Nike,40.97,9.03,18,4.56,647,198
Baby (12-24M) Pullover Hoodie and Leggings Set,Nike Varsity Prep,38.97,9.03,18,3.14,162,175
Baby (6-12M) 2-Piece Velour Set,Nike Wild Warmth,19.97,6.03,23,3.8,1017,197
Men's Studded Belt,Nike,25.97,16.03,38,3.37,212,109
Men's Studded Belt,Nike,25.97,16.03,38,3.87,264,251
Toddler Shorts,Nike Dri-FIT Pro,17.97,2.03,10,4.17,445,155
Toddler Shorts,Nike Dri-FIT Pro,15.97,4.03,20,4.5,280,54
"Toddler ""Let's Roll"" 2-Piece Towel Terry Set",Nike,34.97,13.03,27,4.61,511,181
"Toddler ""Let's Roll"" 2-Piece Towel Terry Set",Nike,38.97,9.03,18,4.2,291,142
Toddler Femme Sport T-Shirt,Nike,17.97,2.03,10,4.43,324,254
Toddler Femme Sport T-Shirt,Nike,16.97,3.03,15,5,320,241
Toddler Femme Sport T-Shirt,Nike,16.97,3.03,15,3.9,296,42
Toddler Woven Shorts,Nike Dri-FIT One,16.97,5.03,22,3.45,70,114
Toddler Woven Shorts,Nike Dri-FIT One,18.97,3.03,13,3.56,356,299
Toddler Printed Jacket,Nike,45.97,14.03,23,5,178,161
Toddler Flare Leggings,Nike Dri-FIT,18.97,3.03,13,4.94,191,87
Toddler Flare Leggings,Nike Dri-FIT,16.97,5.03,22,4.24,3,196
Toddler Leggings,Nike Dri-FIT Pro,22.97,7.03,23,4.56,883,185
Toddler Leggings (3-Pack),Nike Club,33.97,16.03,32,3.02,252,93
Toddler Fleece Wide Leg Pants,Nike Sportswear Club,28.97,9.03,23,4.34,497,95
Toddler 2-Piece Full-Zip Set with Logo Taping,Nike Dri-FIT,40.97,19.03,31,3.83,119,49
Toddler Crew and Leggings Set,Nike Swoosh Spirit,39.97,12.03,23,4.42,325,94
Toddler Sport Dress,Nike Dri-FIT One,25.97,8.03,23,4,107,263
Little Kids' Boxy Tee,Nike Club,15.97,4.03,18,4.1,54,183
Toddler French Terry Wide Leg Pants,Nike Essentials,31.97,10.03,23,4.11,305,166
Toddler Graphic T-Shirt,Nike Essentials,16.97,3.03,15,3.71,40,171
Toddler 2-Piece Set,Nike Swoosh Motion,27.97,6.03,17,4.49,92,151
Toddler Tech Fleece 2-Piece Full-Zip Set,Nike Sportswear,103.97,21.03,16,4.25,200,309
Toddler Dress,Nike Tech Fleece,70.97,29.03,29,3.79,29,69
Toddler Dress,Nike Tech Fleece,71.97,28.03,28,3.85,231,278
Toddler Dress,Nike Tech Fleece,70.97,29.03,29,3.79,3,100
Toddler Wild Flower 2-Piece Tank and Mesh Shorts Set,Nike Dri-FIT,30.97,9.03,22,4.27,33,302
Toddler Wild Flower 2-Piece Tempo Set,Nike Dri-FIT,30.97,9.03,22,4.24,69,33
Toddler Wildflower Futura T-Shirt,Nike,16.97,3.03,15,4.38,1377,65
Toddler Wildflower Futura T-Shirt,Nike,14.97,5.03,25,3.99,265,150
Toddler 2-Piece Bike Shorts Set,Nike Dri-FIT All Day Play,32.97,7.03,17,5,140,121
Toddler 2-Piece Skort Set,Nike Dri-FIT All Day Play,32.97,7.03,17,3.5,207,264
Toddler Wild Flower T-Shirt and Mesh Shorts Set,Nike,35.97,4.03,10,4.64,117,319
Toddler Wild Flower T-Shirt and Mesh Shorts Set,Nike,29.97,10.03,25,4.51,563,202
Toddler Swoosh Ribbon T-Shirt,Nike,15.97,4.03,20,3.81,17,185
Toddler Hoodless Windbreaker,Nike,53.97,6.03,10,4.8,41,142
Toddler Faux Fur Bomber Jacket,Nike,48.97,26.03,34,3.64,122,85
Toddler Printed Club Ringlet T-Shirt,Nike,16.97,3.03,15,4.25,415,98
Toddler 2-Piece Floral Track Set,Nike,46.97,8.03,14,3.78,21,152
Toddler 2-Piece Floral Track Set,Nike,39.97,15.03,27,4.46,121,111
Toddler Floral Futura 2-Piece Scooter Set,Nike Swoosh On Pointe,46.97,5.03,9,4.36,249,167
Toddler Chenille Joggers,Nike Club,33.97,4.03,10,3.38,661,220
Toddler Graphic Ringlet T-Shirt,Nike Essentials,12.97,7.03,35,2.93,194,169
Toddler 2-Piece Wide Leg Club Fleece Set,Nike,48.97,16.03,24,4.61,405,164
Toddler 2-Piece Wide Leg Club Fleece Set,Nike,40.97,11.03,21,4.1,34,213
Toddler 2-Piece Hooded Jogger Set,"Nike Ready, Set!",51.97,13.03,20,4.31,7,175
Toddler 2-Piece Propus Colorblocked Set,Nike,37.97,14.03,27,4.56,295,52
Toddler Track Scooter 2-Piece Set,Nike Varsity Prep,41.97,10.03,19,4.03,232,175
Toddler Track Scooter 2-Piece Set,Nike Varsity Prep,34.97,17.03,32,5,5,83
Toddler Floral Futura T-Shirt,Nike,16.97,3.03,15,3.45,45,160
Toddler Floral Futura T-Shirt,Nike,15.97,4.03,20,3.26,333,146
"Toddler ""Just Do It"" Charm T-Shirt",Nike,14.97,5.03,25,3.8,295,279
"Toddler ""Just Do It"" Charm T-Shirt",Nike,16.97,3.03,15,4.23,86,158
Toddler Pullover Hoodie,Nike Wild Warmth,27.97,10.03,26,3.08,162,116
Toddler Pullover Hoodie,Nike Wild Warmth,28.97,9.03,23,3.88,298,319
Toddler 2-Piece Velour Flared Leggings Set,Nike,35.97,19.03,34,4.97,264,245
Toddler 2-Piece Ribbed Set,Nike Wild Warmth,40.97,14.03,25,4.15,36,55
Toddler T-Shirt,Nike Cozy,15.97,4.03,20,3.95,227,127
"Toddler ""Just Do It"" Wrap T-Shirt",Nike,17.97,4.03,12,4.11,337,68
Women's Slides,Nike Celso Girl,27.97,7.03,22,4.08,64,129
Little Kids' 23 Jersey Dress,Jordan,24.97,11.03,36,3.99,1110,34
Little Kids' Jumpman High Flying Shorts,Jordan,18.97,5.03,25,4.45,244,290
Little Kids' Leggings,Jordan Dri-FIT Essentials,14.97,10.03,33,3.9,434,76
Little Kids' Diamond Shorts,Jordan Dri-FIT,19.97,10.03,33,3.95,197,253
Little Kids' Diamond Shorts,Jordan Dri-FIT,19.97,8.03,32,4.52,104,131
Little Kids' Bike Shorts,Jordan Sport Dri-FIT,16.97,15.03,37,4.82,774,270
Little Kids' 2-Piece Fleece Shorts Set,Jordan Brooklyn Essentials,24.97,13.03,46,3.82,124,140
Little Kids' Pintuck Tank,Jordan Training Camp,14.97,9.03,45,4.14,296,271
"Little Kids' ""Hidden In Plain Sight"" Tank",Jordan,10.97,7.03,35,4.08,240,240
"Little Kids' ""Hidden In Plain Sight"" Tank",Jordan,12.97,13.03,37,4.86,318,95
Little Kids' Jumpman Mesh Top,Jordan Dri-FIT Training Camp,21.97,17.03,48,4.16,121,66
Little Kids' Jumpman Mesh Shorts,Jordan Dri-FIT Training Camp,17.97,7.03,23,4.01,807,276
Little Kids' Dress,Jordan Brooklyn Essentials,22.97,2.03,10,4.55,27,29
Little Kids' AJ1 Rookie T-Shirt,Jordan,17.97,3.03,13,4.28,355,138
Little Kids' Tempo Shorts,Nike Dri-FIT,18.97,13.03,23,3.81,172,100
Little Kids' Windrunner Jacket,Nike,41.97,11.03,23,4.16,90,171
"Little Kids' ""Let's Roll"" 2-Piece Towel Terry Set",Nike,36.97,11.03,23,3.9,304,62
"Little Kids' ""Let's Roll"" 2-Piece Towel Terry Set",Nike,36.97,15.03,31,4.26,311,297
"Little Kids' ""Let's Roll"" 2-Piece Towel Terry Set",Nike,32.97,2.03,10,3.58,419,37
Little Kids' Boxy Tee,Nike Club,17.97,4.03,20,4.41,172,217
Little Kids T-Shirt,Nike Shine Boxy Tee,17.97,4.03,18,3.99,365,35
Little Kids' Woven Shorts,Nike Dri-FIT One,17.97,3.03,13,4.1,78,37
Little Kids' Woven Shorts,Nike Dri-FIT One,18.97,14.03,23,4.31,386,249
Little Kids' Printed Jacket,Nike,45.97,20.03,23,4.63,82,29
Little Kids' Jacquard Hazard Stripe Puffer Jacket,Nike,64.97,13.03,27,4.1,215,237
Little Kids' Cargo Pants,Nike Sportswear,34.97,11.03,23,3.5,449,247
Little Kids' Cargo Pants,Nike Sportswear,36.97,4.03,13,4.94,83,202
Little Kids' Leggings,Nike Dri-FIT Pro,25.97,5.03,16,3.44,77,118
Little Kids' Leggings,Nike Dri-FIT Pro,24.97,2.03,10,4.01,197,62
Little Kids' Leggings,Nike,17.97,0.03,0.15,3.6,416,180
Little Kids' Leggings,Nike,19.97,16.03,32,4.97,532,66
Little Kids' Leggings (3-Pack),Nike Club,33.97,4.03,20,4.33,218,39
Little Kids' Graphic T-Shirt,Nike Dri-FIT,19.97,6.03,17,4.2,53,261
Little Kids' Sport Dress,Nike Dri-FIT One,27.97,3.03,9,4.44,1138,129
Little Kids' Sport Dress,Nike Dri-FIT One,30.97,6.03,17,4.25,13,75
Little Kids' Sport Dress,Nike Dri-FIT One,27.97,3.03,15,4.78,618,210
Little Kids' Graphic T-Shirt,Nike Essentials,16.97,3.03,15,4.27,329,91
Little Kids' Graphic T-Shirt,Nike Essentials,16.97,9.03,22,4.52,563,230
Little Kids' System Jacket,Nike,63.97,3.03,15,3.56,127,224
Little Kids' 2-Piece Printed Sprinter Set,Nike Dri-FIT Essentials,30.97,9.03,22,3.73,83,178
Little Kids' Boxy Graphic T-Shirt,Nike Flow-Ral,16.97,7.03,17,4.26,177,234
Toddler Swoosh Motion Mesh Scooter 2-Piece Set,Nike Dri-FIT,30.97,7.03,17,3.34,204,302
Toddler Swoosh Motion Mesh Scooter 2-Piece Set,Nike Dri-FIT,32.97,4.03,16,3.35,105,33
Toddler Swoosh Motion Mesh Scooter 2-Piece Set,Nike Dri-FIT,32.97,4.03,16,4.04,152,196
Little Kids' Tank Top,Nike Dri-FIT Pro,20.97,6.03,24,3.88,104,236
Little Kids' Tank Top,Nike Dri-FIT Pro,20.97,3.03,15,4.46,202,129
Little Kids' Tank Top,Nike Dri-FIT Pro,18.97,3.03,15,4.26,600,283
Little Kids' Lover to the Max Graphic T-Shirt,Nike,16.97,9.03,22,4.02,162,212
Little Kids' Lover to the Max Graphic T-Shirt,Nike,16.97,41.03,32,3.75,250,217
Little Kids' 2-Piece Colorblocked Tempo Set,Nike Flow-Ral,30.97,24.03,24,3.71,374,267
Little Kids' Tech Fleece 2-Piece Full-Zip Set,Nike Sportswear,83.97,32.03,32,3.88,63,268
Little Kids' Dress,Nike Tech Fleece,75.97,24.03,24,4.67,588,314
Little Kids' Dress,Nike Tech Fleece,67.97,16.03,18,4.17,70,271
Little Kids' Dress,Nike Tech Fleece,75.97,11.03,14,4.23,206,172
Little Kids' Dress,Nike Tech Fleece,68.97,8.03,23,4.13,611,33
Little Kids' Wild Flower Fashion Dress,Nike Dri-FIT,25.97,6.03,17,3.56,330,254
Little Kids' Wild Flower Fashion Dress,Nike Dri-FIT,27.97,9.03,22,3.6,588,304
Little Kids' Wild Flower 2-Piece Tank and Mesh Shorts Set,Nike Dri-FIT,30.97,9.03,22,4.58,292,316
Little Kids' Wild Flower 2-Piece Tank and Mesh Shorts Set,Nike Dri-FIT,30.97,12.03,30,3.67,317,124
Little Kids' Wild Flower Boxy T-Shirt and Shorts Set,Nike,27.97,4.03,10,4.19,424,124
Little Kids' Wild Flower Boxy T-Shirt and Shorts Set,Nike,35.97,4.03,20,4.21,10,286
Little Kids' Graphic T-Shirt,Nike Sunny Swoosh,15.97,6.03,17,4.61,75,88
Little Kids' Runsie Romper,Nike Dri-FIT Sunny Swoosh,27.97,11.03,27,3.99,4,154
Little Kids' Tank and Shorts Set,Nike Dri-FIT Sunny Swoosh,28.97,9.03,22,4.41,553,246
Little Kids' Tank and Shorts Set,Nike Dri-FIT Sunny Swoosh,30.97,9.03,22,3.78,21,177
Little Kids' Wild Flower 2-Piece Tempo Set,Nike Dri-FIT,30.97,4.03,10,3.44,115,170
Little Kids' Wild Flower 2-Piece Tempo Set,Nike Dri-FIT,35.97,7.03,17,3.92,436,314
Little Kids' 2-Piece Bike Shorts Set,Nike Dri-FIT All Day Play,32.97,5.03,12,3.83,419,103
Little Kids' 2-Piece Skort Set,Nike Dri-FIT All Day Play,34.97,9.03,22,3.96,305,146
Baby (0-9M) Striped Footed Coverall,Nike,13.97,4.03,10,4.07,6,282
Little Kids' 2-Piece Skort Set,Nike Dri-FIT All Day Play,30.97,5.03,10,4.34,181,74
Little Kids' Wild Flower T-Shirt and Mesh Shorts Set,Nike,35.97,11.03,18,4.91,22,137
Little Kids' Wild Flower T-Shirt and Mesh Shorts Set,Nike,42.97,26.03,34,3.63,43,187
Little Kids' Hoodless Windbreaker,Nike,48.97,12.03,23,3.97,19,122
Little Kids' Faux Fur Bomber Jacket,Nike,48.97,15.03,29,3.89,191,213
Little Kids' Floral Futura 2-Piece Jogger Set,Nike,39.97,4.03,10,3.99,575,91
Little Kids' Floral Futura 2-Piece Scooter Set,Nike Swoosh On Pointe,36.97,11.03,29,3.64,62,314
Little Kids' Chenille Pullover Hoodie,Nike Club,33.97,12.03,23,3.85,307,217
Little Kids' Chenille Joggers,Nike Club,26.97,8.03,15,3.33,724,22
Little Kids' 2-Piece Wide Leg Club Fleece Set,Nike,39.97,12.03,23,4.38,1006,73
Little Kids' 2-Piece Propus Colorblocked Set,Nike,43.97,7.03,13,4.9,412,165
Little Kids' Pullover Hoodie and Leggings Set,Nike Varsity Prep,39.97,14.03,24,3.81,54,143
Little Kids' Pullover Hoodie and Leggings Set,Nike Varsity Prep,44.97,5.03,8,3.68,296,68
Little Kids' 2-Piece Skort Set,Nike Varsity Prep,43.97,10.03,19,3.46,828,159
Little Kids' 2-Piece Skort Set,Nike Varsity Prep,52.97,8.03,13,4.08,392,156
Little Kids' Track Scooter 2-Piece Set,Nike Varsity Prep,41.97,5.03,25,4.71,335,240
Little Kids' Track Scooter 2-Piece Set,Nike Varsity Prep,51.97,4.03,20,3.67,82,125
Little Kids' Floral Futura T-Shirt,Nike,14.97,3.03,15,3.42,1172,141
Little Kids' Floral Futura T-Shirt,Nike,15.97,4.03,10,4.21,2,89
"Little Kids' ""Just Do It"" Charm T-Shirt",Nike,16.97,12.03,31,3.43,558,302
Little Kids' Pullover Hoodie,Nike Wild Warmth,33.97,13.03,23,4.35,467,175
Little Kids' Pullover Hoodie,Nike Wild Warmth,25.97,14.03,25,3.22,58,125
Little Kids' 2-Piece Lurex Waffle Set,Nike,41.97,11.03,20,3.78,63,132
Little Kids' 2-Piece Velour Flared Leggings Set,Nike,40.97,3.03,15,3.55,617,25
Little Kids' 2-Piece Velour Flared Leggings Set,Nike,43.97,6.03,30,5,13,110
Little Kids' Boxy T-Shirt,Nike Wild Warmth,16.97,8.03,14,4,105,234
Little Kids' Boxy T-Shirt,Nike Wild Warmth,13.97,4.03,20,4.52,20,180
Little Kids' 2-Piece Ribbed Set,Nike Wild Warmth,46.97,21.03,38,4.55,25,66
Little Kids' T-Shirt,Nike Cozy,15.97,11.03,24,4.68,3,41
Big Kids Hoodie,Jordan Soft Touch Mixed Pullover Hoodie,33.97,43.03,34,3.33,345,300
Big Kids' 23 Jersey Dress,Jordan,33.97,23.03,21,4.57,105,182
Big Kids' 23 Jacquard Filled Jacket,Jordan,81.97,16.03,24,3.42,23,263
Big Kids' Varsity Jacket,Jordan,86.97,20.03,33,3.84,215,21
Big Kids' Oversized Crew,Jordan Flight Essentials,48.97,23.03,38,4.11,127,311
Big Kids' Open Hem Pants,Jordan Flight Essentials,39.97,17.03,28,4.63,40,319
Big Kids' Open Hem Pants,Jordan Flight Essentials,36.97,6.03,24,3.72,331,283
Big Kids' Open Hem Pants,Jordan Flight Essentials,42.97,6.03,24,4.04,185,231
Big Kids' T-Shirt,Jordan Brooklyn Essentials,18.97,6.03,24,3.61,149,199
Big Kids' T-Shirt,Jordan Brooklyn Essentials,18.97,13.03,32,3.6,34,211
Big Kids' T-Shirt,Jordan Brooklyn Essentials,18.97,11.03,24,4.14,166,96
Big Kids' Brooklyn Fleece Graphic Shorts,Jordan Paris Saint-Germain,26.97,9.03,32,3.8,128,201
Big Kids' Brooklyn Fleece Printed Pants,Jordan,33.97,11.03,36,3.66,26,269
Big Kids' Indy Bra,Jordan Dri-FIT Sport,18.97,14.03,46,4.47,39,166
Big Kids' Bike Shorts,Jordan Dri-FIT Sport,18.97,32.03,49,4.79,140,290
Big Kids' Bike Shorts,Jordan Dri-FIT Sport,15.97,13.03,32,3.93,3,140
Big Kids' Essential Overall Dress,Jordan,32.97,11.03,27,3.89,302,199
Big Kids' Crafted Utility Skort,Jordan,26.97,5.03,14,4.47,130,214
Big Kids' Crafted Utility Skort,Jordan,28.97,17.03,48,3.87,144,141
Big Kids' Skort,Jordan Dri-FIT Sport,29.97,17.03,48,4.36,270,73
Big Kids' Skort,Jordan Dri-FIT Sport,17.97,14.03,46,4.01,297,319
Big Kids' Mesh Overlay T-Shirt,Jordan Training Camp,17.97,14.03,46,4.19,157,278
Big Kids' Pintuck Tank,Jordan Training Camp,15.97,24.03,48,4.04,1008,106
Big Kids' Pintuck Tank,Jordan Training Camp,15.97,24.03,48,3.73,377,248
"Big Kids' ""She Takes Flight"" Ribbed Dress",Jordan,25.97,19.03,47,3.65,408,39
"Big Kids' ""She Takes Flight"" Ribbed Dress",Jordan,25.97,19.03,47,4.24,344,109
Big Kids' Jumpman Mesh Top,Jordan Dri-FIT Training Camp,20.97,12.03,24,3.39,49,140
Big Kids' Jumpman Mesh Top,Jordan Dri-FIT Training Camp,20.97,10.03,33,4.49,721,157
Big Kids' Quarter-Zip Long Sleeve Top,Jordan,37.97,10.03,33,3.34,30,150
Big Kids' Ribbed Bike Shorts,Jordan,19.97,11.03,24,5,138,308
Big Kids' Ribbed Bike Shorts,Jordan,19.97,16.03,35,4.24,293,39
Big Kids' Mock Neck Ribbed Dress,Jordan,33.97,12.03,30,3.77,72,249
Big Kids' Pullover Hoodie,Jordan Brooklyn Fleece,28.97,14.03,35,4.58,11,246
Big Kids' Pants,Jordan Brooklyn Fleece,27.97,16.03,35,4.4,104,261
Big Kids' Pants,Jordan Brooklyn Fleece,25.97,3.03,12,4.13,102,241
Big Kids' Cargo Pants,Jordan Brooklyn Fleece,28.97,5.03,14,4.63,353,148
Big Kids' T-Shirt,Jordan Brooklyn Essentials,21.97,12.03,24,4.07,528,306
Big Kids' Dress,Jordan Brooklyn Essentials,29.97,8.03,28,3.84,598,239
Big Kids' Woven Pants,Jordan Blue Jeans and Bling,37.97,6.03,24,3.21,227,45
Big Kids' Distressed Collegiate T-Shirt,Jordan,19.97,6.03,24,3.87,329,76
Big Kids' AJ1 Rookie T-Shirt,Jordan,18.97,4.03,14,4.3,1108,44
Big Kids' AJ1 Rookie T-Shirt,Jordan,18.97,21.03,38,4.35,80,96
Big Kids' Pearl T-Shirt,Jordan,23.97,15.03,30,3.87,610,112
Big Kids' Velour Pullover Hoodie,Jordan Mountainside,33.97,6.03,11,3.28,530,183
Big Kids' Velour Pants,Jordan Mountainside,34.97,13.03,23,2.95,572,103
Big Kids' Velour Dress,Jordan Mountainside,48.97,13.03,26,4.42,94,211
Big Kids' Velour Dress,Jordan Mountainside,41.97,6.03,13,4.41,791,35
Big Kids' Oversized Satin Pullover Hoodie,Jordan Jumpman Club,36.97,2.03,8,4.24,125,76
Big Kids' Pleated Fleece Pants,Jordan Jumpman Club,38.97,6.03,21,3.59,65,125
Big Kids' Etched Wood T-Shirt,Jordan,22.97,11.03,27,3.96,639,26
Big Kids' T-Shirt,Jordan Jumpman Club,21.97,4.03,4,4.35,26,275
Crossbody Bag,Jordan,28.97,29.03,38,3.79,511,220
Women's Shoes,Nike Air Max Correlate,95.97,29.03,38,4.6,184,303
Big Kids' Skate Shoes,Nike SB Stefan Janoski,45.97,23.03,30,3.81,40,229
Big Kids' Skate Shoes,Nike SB Stefan Janoski,45.97,23.03,30,3.88,232,210
Big Kids' Skate Shoes,Nike SB Stefan Janoski,51.97,17.03,14,3.46,123,186
Big Kids' Skate Shoes,Nike SB Stefan Janoski,51.97,17.03,14,4.14,173,81
Men's Shoes,Air Jordan 1 Low,102.97,17.03,14,4.22,27,34
Men's Shoes,Air Jordan 1 Low,102.97,17.03,14,4.69,1127,311
Men's Shoes,Air Jordan 1 Low,102.97,35.03,39,3.7,177,58
Men's Shoes,Air Jordan 1 Low,102.97,22.03,24,4.4,137,102
Big Kids' Shoes,Air Jordan 1 Low,54.97,13.03,14,4.15,86,212
Big Kids' Shoes,Air Jordan 1 Low,67.97,13.03,32,5,1183,167
Big Kids' Shoes,Air Jordan 1 Low,76.97,8.03,26,4.51,177,146
Baby (0-9M) 23 Jersey 2-Piece Set,Jordan,26.97,4.03,13,4.1,217,96
Baby (0-9M) Romper,Jordan Air Stacked,21.97,1.03,3,4.12,196,65
Baby (0-9M) 23 Jersey Footed Coverall,Jordan,25.97,11.03,14,5,1066,88
Baby (0-9M) 23 Jersey Footed Coverall,Jordan,28.97,5.03,16,3.49,225,299
Baby (0-6M) 23 Jersey 3-Piece Full-Zip Hoodie Set,Jordan,63.97,1.03,3,4.25,366,304
Baby (0-9M) Mini Me Bodysuits (3-Pack),Nike,24.97,7.03,17,4.61,20,47
Baby (0-9M) Mini Me Bodysuits (3-Pack),Nike,28.97,3.03,15,4.77,484,69
Baby (0-9M) 5-Pack Bodysuit Set,Nike Essentials,32.97,11.03,31,3.2,13,36
Baby (0-9M) Footed Coverall,Nike Baby Essentials,16.97,5.03,14,4.05,512,42
Baby (0-9M) Hooded Coverall,Nike Baby Essentials,23.97,11.03,31,4.57,570,223
Baby (0-9M) Hooded Coverall,Nike Essentials,29.97,6.03,18,3.62,188,38
Baby (0-9M) Hooded Coverall,Nike Essentials,23.97,8.03,23,3.57,91,151
Baby (0-9M) 3-Piece Pants Set,Nike Baby Essentials,25.97,12.03,34,4.96,293,165
Baby (0-9M) 3-Pack Long Sleeve Bodysuits,Nike Essentials,26.97,3.03,11,4.39,138,162
Baby (0-9M) 3-Pack Long Sleeve Bodysuits,Nike Essentials,22.97,5.03,19,3.43,264,64
Baby (0-6M) Striped Bodysuit and Joggers Set,Nike,22.97,3.03,15,3.82,392,48
Baby (0-6M) Striped Bodysuit and Joggers Set,Nike,20.97,6.03,30,4,810,135
Baby (0-9M) Striped Footed Coverall,Nike,16.97,3.03,15,4.79,403,176
Baby (0-9M) Striped Footed Coverall,Nike,16.97,6.03,20,4.51,221,195
Baby (0-9M) Mix and Match Bodysuits (3-Pack),Nike E1D1,23.97,7.03,23,3.67,86,23
Baby (0-9M) Mix and Match Bodysuits (3-Pack),Nike E1D1,22.97,8.03,26,3.5,816,253
Baby (0-9M) Mix and Match Bodysuits (3-Pack),Nike E1D1,21.97,9.03,30,4.34,24,151
Baby (0-9M) Mix and Match Bodysuits (3-Pack),Nike E1D1,22.97,9.03,30,4.85,588,128
Baby (0-9M) Mix and Match Bodysuits (3-Pack),Nike E1D1,20.97,6.03,18,4.02,430,205
Baby (0-9M) 3-Piece Bodysuits and Pants Set,Nike Baby Essentials,25.97,6.03,18,3.72,987,122
Baby (0-9M) 3-Piece Bodysuits and Pants Set,Nike Baby Essentials,25.97,6.03,18,3.86,17,294
Baby (0-9M) 3-Piece Bodysuits and Pants Set,Nike Baby Essentials,25.97,12.03,27,3,63,97
Baby (0-9M) Coverall,Nike Cozy Comfort,31.97,11.03,25,4.47,196,178
Baby (0-9M) Coverall,Nike Cozy Comfort,32.97,10.03,22,3.61,219,200
Baby (0-9M) Cable Knit Coverall,Nike ReadySet,33.97,10.03,22,4.38,538,261
Baby (0-9M) Cable Knit Coverall,Nike ReadySet,33.97,14.03,31,4.59,189,126
Baby (0-9M) Cable Knit Coverall,Nike ReadySet,29.97,5.03,19,4.18,332,188
Baby Short Sleeve Bodysuit and Pants Set,Nike E1D1,20.97,8.03,22,3.99,12,292
Baby Coveralls (2-Pack),Nike Baby Essentials,27.97,0.03,0.15,3.82,231,21
Baby (0-9M) Pointelle Coverall,Nike Baby Essentials,19.97,3.03,15,3.28,394,34
Baby (0-9M) Pointelle Coverall,Nike Baby Essentials,16.97,7.03,22,4.13,358,151
Baby (0-9M) 3-Piece Striped Swooshfetti Set,Nike Essentials,24.97,9.03,28,4.24,1779,103
Baby (0-9M) 3-Piece Striped Swooshfetti Set,Nike Essentials,22.97,9.03,28,4.19,651,77
Baby (0-9M) Short Sleeve Waffle Knit Coverall,Nike Essentials,22.97,20.03,28,4.72,326,292
Baby Tech Fleece Coverall,Nike Sportswear,49.97,5.03,18,3.97,111,283
Baby (0-9M) Jacquard Towel Terry Romper,Nike Essentials,22.97,5.03,18,4.21,458,134
Baby (0-9M) Jacquard Towel Terry Romper,Nike Essentials,22.97,10.03,35,4.54,41,54
Baby (0-9M) Jacquard Towel Terry Romper,Nike Essentials,17.97,5.03,18,3.7,115,77
Baby (0-9M) Jacquard Towel Terry Romper,Nike Essentials,22.97,6.03,17,4.67,472,242
Baby (0-9M) Bodysuit and Shorts Set,Nike ReadySet,28.97,6.03,17,3.83,237,266
Baby (0-9M) Bodysuit and Shorts Set,Nike ReadySet,28.97,8.03,23,3.72,195,146
Baby (0-9M) Bodysuit and Shorts Set,Nike ReadySet,26.97,8.03,23,4.41,20,267
Baby Short Sleeve Romper with Bucket Hat,Nike,26.97,6.03,17,4.21,40,185
Baby Short Sleeve Romper with Bucket Hat,Nike,28.97,10.03,28,4.4,52,295
Baby Short Sleeve Romper with Bucket Hat,Nike,24.97,12.03,34,4.29,322,91
Baby Short Sleeve Romper with Bucket Hat,Nike,22.97,8.03,23,4,142,249
Baby Short Sleeve Romper with Bucket Hat,Nike,26.97,5.03,22,3.9,77,313
Baby (0-9M) Short Sleeve Romper,Nike Essentials,16.97,4.03,18,3.84,229,248
Baby (0-9M) Short Sleeve Romper,Nike Essentials,17.97,7.03,19,3.59,536,88
Baby (0-9M) Short Sleeve and Tank 2-Pack Romper Set,Nike Essentials,28.97,5.03,25,3.91,161,232
Baby (0-9M) Viscose Waffle Knit Footed Coverall,Nike,14.97,5.03,25,3.91,15,310
Baby (0-9M) Viscose Waffle Knit Footed Coverall,Nike,14.97,3.03,15,4.83,363,267
Baby (0-9M) Ribbed Viscose Footed Coverall,Nike,16.97,8.03,23,3.88,568,186
Baby (0-9M) Coverall,"Nike Ready, Set!",26.97,9.03,25,4.18,283,174
Baby (0-9M) Coverall,"Nike Ready, Set!",25.97,8.03,23,3.51,77,189
Baby (0-9M) Club Chenille Coverall,Nike,26.97,17.03,14,3.91,564,171
Indoor/Court Low-Top Soccer Shoes,Nike Lunargato II,102.97,199.03,22,4.66,305,133
Shoes,Nike x Hyperice Hyperboot,699.97,3.03,10,4.47,443,228
Baby (12-24M) 2-Piece French Terry Shorts Set,Jordan Brooklyn Essentials,33.97,13.03,37,3.34,24,273
Baby (12-24M) Hooded Coverall,Nike Essentials,21.97,7.03,22,4.8,73,60
Baby (12-24M) 3-Piece Pants Set,Nike Baby Essentials,24.97,3.03,9,3.14,227,98
Baby (12-24M) 3-Piece Pants Set,Nike Baby Essentials,28.97,16.03,24,4.09,140,256
Baby (12-24M) Midweight Filled Jacket,Nike,48.97,17.03,34,3.74,356,96
Baby 2-Piece Set,Nike ReadySet,32.97,17.03,34,3.57,166,98
Baby 2-Piece Set,Nike ReadySet,32.97,8.03,15,4.21,63,102
Baby (12-24M) 2-Piece Full-Zip Club Set,Nike,43.97,14.03,27,3.12,326,192
Baby (12-24M) 2-Piece Full-Zip Club Set,Nike,37.97,5.03,19,5,258,319
Baby (12-24M) Striped Bodysuit and Joggers Set,Nike,20.97,5.03,19,4.42,263,146
Baby (12-24M) Striped Bodysuit and Joggers Set,Nike,20.97,1.03,2,5,317,262
Baby (12-24M) 2-Piece Knit Shorts Set,Nike,38.97,5.03,12,5,1109,165
Baby (12-24M) 2-Piece Knit Shorts Set,Nike,34.97,9.03,22,3.87,392,297
Baby (12-24M) 2-Piece Knit Shorts Set,Nike,30.97,9.03,22,3.88,29,159
Baby (12-24M) 2-Piece Knit Shorts Set,Nike,30.97,7.03,22,4.3,9,268
Baby (12-24M) 3-Piece Bodysuits and Pants Set,Nike Baby Essentials,24.97,7.03,22,4.65,38,84
Baby (12-24M) 3-Piece Bodysuits and Pants Set,Nike Baby Essentials,24.97,5.03,15,3.79,366,193
Baby (12-24M) 3-Piece Bodysuits and Pants Set,Nike Baby Essentials,26.97,8.03,28,4.82,131,102
Baby (6-12M) Bodysuit and Pants Set,Nike Baby Essentials,19.97,11.03,23,4.61,33,123
Baby (12-24M) Logo Taping 2-Piece Full-Zip Set,Nike Dri-FIT,36.97,10.03,22,4.68,206,91
Baby (12-24M) Cable Knit Coverall,Nike ReadySet,33.97,10.03,22,3.88,340,104
Baby (12-24M) Cable Knit Coverall,Nike ReadySet,33.97,10.03,22,4.11,72,101
Baby (12-24M) Cable Knit Coverall,Nike ReadySet,33.97,14.03,23,3.53,298,97
Baby (12-24M) 2-Piece Cable Knit Set,Nike Sportswear,45.97,34.03,34,5,388,301
Baby (12-24M) 2-Piece Shorts Set,Nike Tech Fleece,65.97,38.03,38,4.41,482,221
Baby (12-24M) 2-Piece Shorts Set,Nike Tech Fleece,61.97,6.03,18,4.2,215,60
Baby (12-24M) 3-Piece Striped Swooshfetti Set,Nike Essentials,25.97,6.03,18,4.02,305,183
Baby (12-24M) 3-Piece Striped Swooshfetti Set,Nike Essentials,25.97,6.03,18,3.67,25,169
Baby 12-24M Short Sleeve Waffle Knit Coverall,Nike Essentials,25.97,9.03,28,4.39,105,53
Baby 12-24M Short Sleeve Waffle Knit Coverall,Nike Essentials,22.97,23.03,19,4.35,54,191
Baby Tech Fleece 2-Piece Full-Zip Set,Nike Sportswear,90.97,46.03,38,4.72,72,318
Baby Tech Fleece 2-Piece Full-Zip Set,Nike Sportswear,73.97,13.03,10,3.66,616,318
Baby Tech Fleece 2-Piece Full-Zip Set,Nike Sportswear,106.97,6.03,17,5,299,95
Baby (12-24M) Bodysuit and Shorts Set,Nike ReadySet,28.97,8.03,23,3.8,878,278
Baby (12-24M) Bodysuit and Shorts Set,Nike ReadySet,26.97,11.03,30,3.11,207,219
Baby (12-24M) Rhythm Printed 2-Piece Shorts Set,Nike Dri-FIT,24.97,7.03,19,3.39,143,290
Baby (12-24M) Rhythm Printed 2-Piece Shorts Set,Nike Dri-FIT,28.97,9.03,22,4.09,209,113
Baby (12-24M) 2-Piece Shorts Set,Nike Dri-FIT Just Believe,30.97,9.03,22,3.8,31,249
Baby (12-24M) 2-Piece Shorts Set,Nike Dri-FIT Just Believe,30.97,7.03,19,3.98,88,181
Baby (12-24M) Jersey T-Shirt and Shorts Set,Nike Ace Your Game,28.97,7.03,19,3.84,186,55
Baby (12-24M) Jersey T-Shirt and Shorts Set,Nike Ace Your Game,28.97,6.03,17,4.29,466,218
Baby (12-24M) Short Sleeve Romper with Bucket Hat,Nike,28.97,6.03,17,4.31,49,20
Baby (12-24M) Short Sleeve Romper with Bucket Hat,Nike,28.97,6.03,17,3.88,254,214
Baby (12-24M) Short Sleeve Romper with Bucket Hat,Nike,28.97,7.03,19,3.8,138,46
Baby (12-24M) Short Sleeve and Tank 2-Pack Romper Set,Nike Essentials,28.97,7.03,19,4.26,140,121
Baby (12-24M) Short Sleeve and Tank 2-Pack Romper Set,Nike Essentials,28.97,4.03,15,4.07,72,256
Baby (12-24M) Long Sleeve Bodysuit and Pants Set,Nike Play For All,21.97,6.03,17,4.38,354,92
Baby (12-24M) Coverall,"Nike Ready, Set!",28.97,5.03,14,4.08,1,171
Baby (12-24M) Coverall,"Nike Ready, Set!",29.97,9.03,18,4.02,261,204
Baby (12-24M) 2-Piece Jogger Set,"Nike Ready, Set!",40.97,7.03,14,3.72,469,92
Baby (12-24M) 2-Piece Jogger Set,"Nike Ready, Set!",42.97,12.03,25,4.11,105,307
Baby (12-24M) 2-Piece Propus Colorblocked Set,Nike,35.97,199.03,18,4.49,270,276
Dynamic Air Compression Boots,Hyperice Normatec Elite Legs,899.97,49.03,8,4.18,273,107
Dynamic Air Compression Massage,Hyperice Normatec Elite Hips,549.97,4.03,20,3.28,646,186
Baby UPF 40+ Infant Bucket Hat,Nike,16.97,12.03,34,4.46,113,74
Baby (12-24M) 2-Piece Peak Beanie Set,Nike Play For All,22.97,2.03,4,4.4,43,244
Toddler Jumpman 2-Piece Shorts Set,Jordan,41.97,9.03,36,3.05,611,87
Toddler Mesh PE Shorts,Jordan,15.97,9.03,36,3.69,45,294
Toddler Mesh PE Shorts,Jordan,15.97,6.03,13,3.77,135,144
Toddler French Terry Shorts Set,Jordan Galaxy,37.97,5.03,14,3.85,146,75
Toddler Diamond Shorts,Jordan Dri-FIT Sport,29.97,10.03,18,3.39,45,21
Toddler 2-Piece Full-Zip Hoodie Set,Jordan Brooklyn Fleece,44.97,18.03,32,4.48,290,101
Toddler 2-Piece Full-Zip Hoodie Set,Jordan Brooklyn Fleece,36.97,10.03,33,3.89,435,41
Toddler Shorts,Jordan MJ Brooklyn French Terry Essentials,19.97,13.03,32,2.71,756,79
Toddler Baseline 2-Piece Mesh Shorts Set,Jordan,26.97,5.03,16,3.08,194,152
Toddler Jumpman Drip Long Sleeve T-Shirt,Jordan,24.97,5.03,22,4.26,233,151
Toddler Winterland T-Shirt,Jordan,16.97,5.03,25,3.45,54,234
Toddler T-Shirt,Nike Sportswear,14.97,3.03,15,4.51,34,226
Toddler T-Shirt,Nike Sportswear,16.97,3.03,15,3.68,196,284
Toddler T-Shirt,Nike Sportswear,16.97,2.03,10,4.22,10,138
Toddler T-Shirt,Nike Sportswear,17.97,2.03,10,4.1,3,161
Toddler Evergreen T-Shirt,Nike Futura,17.97,3.03,15,3.86,408,234
Toddler Evergreen T-Shirt,Nike Futura,12.97,2.03,10,4.13,853,164
Toddler Evergreen T-Shirt,Nike Futura,17.97,4.03,20,3.7,92,253
Toddler Evergreen T-Shirt,Nike Futura,15.97,17.03,20,4.79,37,157
Toddler Hooded Chevron Puffer Jacket,Nike,67.97,9.03,10,4.69,321,110
Toddler Jacket,Nike Midweight Fill Jacket,75.97,14.03,18,3.92,278,160
Toddler Jacket,Nike Midweight Fill Jacket,60.97,23.03,24,4.84,607,259
Toddler Reversible Puffer / Fleece Jacket,Nike,71.97,6.03,15,4.33,230,112
Toddler Fleece Pullover Hoodie,Nike Sportswear Club,31.97,7.03,18,4.19,180,89
Toddler Fleece Pullover Hoodie,Nike Sportswear Club,30.97,11.03,26,3.41,116,84
Toddler Fleece Pullover Hoodie,Nike Sportswear Club,30.97,6.03,15,5,261,140
Toddler Joggers,Nike Sportswear Club Fleece,31.97,4.03,10,3.67,184,76
Toddler Joggers,Nike Sportswear Club Fleece,33.97,8.03,21,4.54,782,248
Toddler Joggers,Nike Sportswear Club Fleece,29.97,7.03,23,3.52,54,294
Toddler French Terry Shorts,Nike Sportswear Club,22.97,7.03,23,3.32,491,176
Toddler French Terry Shorts,Nike Sportswear Club,22.97,4.03,13,4.9,250,129
Toddler French Terry Shorts,Nike Sportswear Club,25.97,8.03,26,4.4,132,230
Toddler French Terry Shorts,Nike Sportswear Club,21.97,7.03,22,4.17,237,254
Toddler Shorts,Nike Dri-FIT Elite,24.97,7.03,22,4.68,75,96
Toddler Shorts,Nike Dri-FIT Elite,24.97,7.03,22,3.6,278,284
Toddler Shorts,Nike Dri-FIT Elite,24.97,5.03,9,4.34,570,93
Toddler 2-Piece Set,Nike ReadySet,49.97,11.03,17,4.27,33,274
Toddler 2-Piece Hoodie Set,Nike Full-Zip Club Set,53.97,16.03,24,4.72,35,71
Toddler 2-Piece Hoodie Set,Nike Full-Zip Club Set,52.97,18.03,27,4.73,28,187
Toddler 2-Piece Hoodie Set,Nike Full-Zip Club Set,46.97,22.03,33,3.99,953,63
Toddler 2-Piece Hoodie Set,Nike Full-Zip Club Set,42.97,9.03,13,3.07,8,295
Toddler 2-Piece Hoodie Set,Nike Full-Zip Club Set,55.97,7.03,17,4.35,159,144
Toddler Graphic T-Shirt and Shorts Set,Nike,32.97,16.03,33,4.34,49,180
Toddler 2-Piece Shorts Set,Nike ReadySet,31.97,14.03,23,3.03,968,240
Toddler Printed Windrunner Jacket,Nike,45.97,22.03,36,3.78,84,280
Toddler Rain Jacket,Nike,37.97,7.03,25,4.53,246,216
Toddler Woven Shorts,Nike,20.97,20.03,23,4.74,220,225
Toddler Swoosh Quilted Puffer Jacket,Nike,64.97,2.03,4,3.93,165,115
Toddler 2-Piece Knit Shorts Set,Nike,41.97,16.03,36,4.37,211,113
Toddler 2-Piece Knit Shorts Set,Nike,27.97,14.03,31,4.18,270,152
Toddler 2-Piece Knit Shorts Set,Nike,29.97,10.03,22,3.99,71,276
Toddler 2-Piece Knit Shorts Set,Nike,33.97,10.03,22,3.59,14,44
Toddler 2-Piece Knit Shorts Set,Nike,33.97,10.03,22,3.14,63,261
Toddler 2-Piece Knit Shorts Set,Nike,33.97,18.03,14,4.34,32,171
Toddler 3-In-1 System Jacket,Nike,106.97,28.03,22,3.63,201,260
Toddler 3-In-1 System Jacket,Nike,96.97,14.03,31,4.67,56,230
Toddler Woven Pants,Nike Dri-FIT,29.97,15.03,34,4.18,82,127
Toddler Woven Pants,Nike Dri-FIT,33.97,12.03,18,3.55,305,41
Toddler 2-Piece Striped Pants Set,Nike ReadySet,52.97,3.03,10,4.25,102,201
Toddler Tights,Nike Dri-FIT Pro,24.97,9.03,17,3.78,31,109
Toddler 2-Piece Full-Zip Set with Logo Taping,Nike Dri-FIT,42.97,20.03,38,5,203,250
Toddler 2-Piece Full-Zip Set with Logo Taping,Nike Dri-FIT,31.97,6.03,30,4.13,40,160
Toddler Legend T-Shirt,Nike Dri-FIT,13.97,4.03,20,4.79,159,129
Toddler Legend T-Shirt,Nike Dri-FIT,15.97,18.03,32,3.82,164,92
Toddler 2-Piece Crew Set,Nike Cozy Comfort,36.97,10.03,18,4.2,91,53
Toddler 2-Piece Crew Set,Nike Cozy Comfort,44.97,19.03,38,3.02,199,28
Toddler Tee and Joggers Set,"Nike Ready, Set!",30.97,31.03,31,3.53,125,164
Toddler 2-Piece Shorts Set,Nike Tech Fleece,68.97,19.03,19,4.31,257,139
Toddler French Terry Crew Top,"Nike Sportswear ""Outside the Lines""",30.97,8.03,18,3.84,137,54
Little Kids 2-Piece Hoodie Set,Nike Full-Zip Club Set,61.97,3.03,4,3.31,218,307
Toddler On the Move Printed Tee and French Terry Shorts Set,Nike Sportswear,35.97,5.03,21,4.17,226,240
Toddler Multi Short Sleeve Top,Nike Dri-FIT,18.97,6.03,30,4.24,589,283
Toddler Multi Mesh Shorts,Nike Dri-FIT,13.97,4.03,18,3.86,30,127
Toddler Short Sleeve Top,Nike Dri-FIT Pro,17.97,2.03,10,5,7,90
Toddler Dri-FIT Long-Sleeve Top,Nike Pro,18.97,5.03,21,4.8,211,82
Toddler Hoodie,Nike Therma-FIT Kobe Bryant,38.97,11.03,22,3.86,86,242
Toddler Hoodie,Nike Therma-FIT Kobe Bryant,40.97,9.03,18,4.08,313,101
Toddler Shorts,Nike Dri-FIT Kobe Bryant,21.97,8.03,26,4.46,182,266
Toddler Shorts,Nike Dri-FIT Kobe Bryant,22.97,7.03,23,4.35,332,78
Toddler Sportswear Swoosh T-Shirt,Nike Sportswear,16.97,3.03,15,3.95,283,108
Toddler Paneled Windbreaker,Nike,45.97,9.03,16,3.73,484,261
Toddler Paneled Windbreaker,Nike,44.97,10.03,18,4.31,120,136
Toddler Tech Fleece Tee and Shorts Set,Nike,63.97,11.03,14,4.42,340,95
Toddler Tech Fleece Tee and Shorts Set,Nike,52.97,22.03,29,3.94,480,190
Toddler Tech Fleece Tee and Shorts Set,Nike,52.97,22.03,29,3.85,34,242
Toddler Tech Fleece 2-Piece Full-Zip Set,Nike Sportswear,103.97,21.03,16,3.95,186,30
Toddler Tech Fleece 2-Piece Full-Zip Set,Nike Sportswear,106.97,18.03,14,3.79,528,293
Toddler Tech Fleece 2-Piece Full-Zip Set,Nike Sportswear,93.97,31.03,24,4.31,634,70
Toddler Tech Fleece 2-Piece Full-Zip Set,Nike Sportswear,88.97,36.03,28,3.89,633,249
Toddler Tech Fleece 2-Piece Full-Zip Set,Nike Sportswear,93.97,31.03,24,5,94,244
Toddler Tech Fleece 2-Piece Full-Zip Set,Nike Sportswear,98.97,26.03,20,4.06,411,116
Toddler Tech Fleece 2-Piece Full-Zip Set,Nike Sportswear,110.97,14.03,11,4.07,388,305
Toddler System Jacket,Nike,50.97,24.03,32,4.59,261,165
Toddler Tech Woven 2-Piece Set,Nike Dri-FIT,92.97,12.03,11,4.24,407,125
Toddler Club Family 2-Piece Shorts Set,Nike,38.97,9.03,18,4.38,277,158
Toddler Club Family 2-Piece Shorts Set,Nike,38.97,9.03,18,4.35,105,163
Toddler Rhythm Printed 2-Piece Shorts Set,Nike Dri-FIT,32.97,7.03,17,3.95,19,282
Toddler Multi Sleeveless Top,Nike Dri-FIT,15.97,4.03,20,4.74,167,125
Toddler Multi Sleeveless Top,Nike Dri-FIT,15.97,4.03,20,4.81,33,214
Toddler Just Believe 2-Piece Dri-FIT Shorts Set,Nike,33.97,10.03,22,3.54,198,196
Toddler Just Believe 2-Piece Dri-FIT Shorts Set,Nike,30.97,13.03,29,4.12,51,197
Toddler Ace Your Game 2-Piece Jersey Shorts Set,Nike,35.97,4.03,10,4.91,69,102
Toddler 2-Piece Multi Woven Shorts Set,Nike Dri-FIT,31.97,12.03,27,3.75,116,77
Toddler Pocket T-Shirt and French Terry Shorts Set,Nike Sportswear,35.97,8.03,18,3.93,545,132
Toddler Boxy Scooter T-Shirt,Nike,16.97,3.03,15,3.75,236,247
Toddler Futura Ice Cream Tank,Nike,16.97,3.03,15,4.05,451,309
Toddler Ace Arch T-Shirt,Nike,16.97,3.03,15,4.06,546,256
Toddler Ace Arch T-Shirt,Nike,15.97,4.03,20,4.62,210,25
Toddler Hoodless Windbreaker,Nike,47.97,12.03,20,4.24,105,65
Toddler French Terry Shorts,Nike Game Day Essentials,26.97,3.03,10,4.29,155,244
Toddler French Terry Top,Nike Game Day Essentials,35.97,6.03,14,3.98,302,178
Toddler French Terry Top,Nike Game Day Essentials,34.97,7.03,16,3.33,3,271
Toddler 2-Piece Hooded Jogger Set,"Nike Ready, Set!",52.97,12.03,18,4.33,90,105
Toddler 2-Piece Propus Colorblocked Set,Nike,35.97,16.03,30,3.78,87,89
Toddler 2-Piece Shorts Set,Nike Net Dri-FIT,38.97,9.03,18,3.94,35,288
Toddler 2-Piece Shorts Set,Nike Net Dri-FIT,38.97,9.03,18,4.73,53,178
Toddler Lightweight Fleece 2-Piece Crew Set,Nike Glow With Me,39.97,12.03,23,3.24,523,247
Toddler Lightweight Fleece 2-Piece Crew Set,Nike Glow With Me,39.97,12.03,23,3.57,101,110
Toddler Fleece Pullover Hoodie and Joggers Set,Nike,41.97,13.03,23,4.48,212,292
Toddler Fleece Pullover Hoodie and Joggers Set,Nike,39.97,15.03,27,3.87,40,38
Toddler 2-Piece Fleece Pants Set,Nike,41.97,10.03,19,4.21,211,189
Toddler Unwrapped Futura T-Shirt,Nike,16.97,3.03,15,3.48,466,131
Toddler Snowboard Boxy T-Shirt,Nike,17.97,2.03,10,3.83,156,73
Toddler Hat,Jordan Jumpman Air Cap,13.97,6.03,30,4.1,132,124
Toddler Bucket Hat,Jordan,15.97,4.03,20,4.68,172,190
Toddler Bucket Hat,Jordan,13.97,6.03,30,4.01,138,288
Mini Backpack (10L),Air Jordan,25.97,4.03,13,4.12,18,174
Toddler Futura Curved Brim Cap,Nike,10.97,5.03,31,3.46,156,293
Toddler Bucket Hat,Nike Futura UPF 40+,17.97,4.03,18,2.97,63,194
Women's Brief-Lined Running Shorts,Nike Tempo,22.97,9.03,28,4.5,469,105
Big Kids' (Girls') Dri-FIT Running Shorts,Nike Tempo,16.97,8.03,32,4.41,658,131
Big Kids' (Girls') Dri-FIT Running Shorts,Nike Tempo,18.97,6.03,24,4.2,297,41
Big Kids' (Girls') Dri-FIT Running Shorts,Nike Tempo,18.97,6.03,24,4.58,496,263
Big Kids' (Girls') Dri-FIT Running Shorts,Nike Tempo,21.97,3.03,12,3.9,356,205
Men's Shoes,Nike Air Max 2017,161.97,28.03,14,4.42,1220,64
Men's Shoes,Nike Air Max 2017,142.97,47.03,24,5,227,186
Men's Shoes,Nike Air Max 2017,134.97,55.03,29,4.22,127,122
Men's Shoes,Nike Air Max 2017,142.97,47.03,24,4,287,53
Men's Shoes,Nike Air Max 2017,161.97,28.03,14,4.2,620,146
Big Kids' (Boys') Loose Hip-Length Hooded Jacket,Nike Sportswear Windrunner,44.97,20.03,30,4.83,94,312
Little Kids' Jumpman 2-Piece Shorts Set,Jordan,35.97,8.03,18,3.91,583,146
Little Kids' Jersey Set,Jordan 23,35.97,8.03,18,3.91,90,44
Little Kids' 23 Jacquard Filled Jacket,Jordan,75.97,24.03,24,3.53,98,274
Little Kids' Mesh PE Shorts,Jordan,15.97,9.03,36,4.02,409,157
Little Kids' Mesh PE Shorts,Jordan,15.97,9.03,36,3.39,325,297
Little Kids' Jumpman Air Embroidered T-Shirt,Jordan,12.97,7.03,35,4.07,28,259
Little Kids' Jumpman Air Embroidered T-Shirt,Jordan,17.97,2.03,10,4.14,644,207
Little Kids' Jumpman Air Embroidered T-Shirt,Jordan,13.97,6.03,30,4.94,500,242
Little Kids' Diamond Shorts,Jordan Dri-FIT Sport,29.97,5.03,14,3.21,404,230
Little Kids' 2-Piece Full-Zip Hoodie Set,Jordan Brooklyn Fleece,45.97,9.03,16,4.1,270,104
Little Kids' 2-Piece Full-Zip Hoodie Set,Jordan Brooklyn Fleece,34.97,20.03,36,4.66,14,23
Little Kids' Shorts,Jordan MJ Brooklyn French Terry Essentials,15.97,14.03,46,4.39,32,315
Little Kids' Shorts,Jordan MJ Brooklyn French Terry Essentials,18.97,11.03,36,4.39,92,183
Little Kids' Embroidered T-Shirt,Jordan,16.97,5.03,22,3.25,132,222
Little Kids' Embroidered T-Shirt,Jordan,16.97,5.03,22,2.71,323,20
Little Kids' Baseline 2-Piece Mesh Shorts Set,Jordan,20.97,19.03,47,4.35,180,40
Little Kids' 2-Piece Windbreaker Piping Set,Jordan,63.97,11.03,14,4.84,184,168
Little Kids' Bball Fire Mixed 2-Piece Shorts Set,Jordan,30.97,13.03,29,3.38,74,96
Little Kids' Jumpman Woven Play Shorts,Jordan,26.97,3.03,10,3.62,117,49
Little Kids' Jumpman Woven Play Shorts,Jordan,18.97,11.03,36,4.42,10,238
Little Kids' Jumpman Woven Play Shorts,Jordan,19.97,10.03,33,4.54,168,274
Little Kids' Digi T-Shirt,Jordan Customized Air,11.97,10.03,45,4.28,59,115
Little Kids' Digi T-Shirt,Jordan Customized Air,13.97,8.03,36,3.68,314,311
Little Kids' Flame T-Shirt,Jordan Customized Air,15.97,14.03,46,3.88,240,226
Little Kids' Flame T-Shirt,Jordan Customized Air,15.97,14.03,46,3.51,15,131
Little Kids' Playoff 2-Piece Mesh Shorts Set,Jordan,24.97,23.03,48,4.62,128,133
Little Kids' 2-Piece French Terry Shorts Set,Jordan Brooklyn Essentials,35.97,8.03,18,4.76,125,103
Little Kids' 2-Piece French Terry Shorts Set,Jordan Brooklyn Essentials,35.97,8.03,18,4.06,314,259
Little Kids' 2-Piece Terry Cloth Camp Set,Jordan,33.97,14.03,29,3.98,158,282
Little Kids' 2-Piece Terry Cloth Camp Set,Jordan,31.97,16.03,33,3.44,135,288
Little Kids' 2-Piece French Terry Henley Hoodie Set,Jordan,28.97,19.03,39,4.42,107,306
Little Kids' 2-Piece French Terry Henley Hoodie Set,Jordan,24.97,23.03,48,3.28,296,160
Little Kids' AJ1 Wave T-Shirt,Jordan,13.97,8.03,36,4.02,85,56
Little Kids' AJ1 Wave T-Shirt,Jordan,13.97,8.03,36,3.79,653,216
Little Kids' Poolside Jumpman T-Shirt,Jordan Flight Essentials,11.97,10.03,45,4.22,286,20
Little Kids' Poolside Jumpman T-Shirt,Jordan Flight Essentials,13.97,8.03,36,3.81,255,180
Little Kids' Flight MVP 23 T-Shirt,Jordan,13.97,8.03,36,4.34,78,109
Little Kids' Flight MVP 23 T-Shirt,Jordan,11.97,10.03,45,3.93,236,71
Little Kids' MVP Jordan 23 Tank and Shorts Set,Jordan,16.97,23.03,57,4.39,128,81
Little Kids' MVP Jordan 23 Tank and Shorts Set,Jordan,20.97,19.03,47,3.87,41,134
Little Kids' Summer Pack 2-Piece Shorts Set,Jordan Flight Essentials,28.97,19.03,39,4.47,3,63
Little Kids' Summer Pack 2-Piece Shorts Set,Jordan Flight Essentials,24.97,23.03,48,4.4,395,260
Little Kids' Printed T-Shirt,Jordan Flight Essentials,16.97,5.03,22,4.42,1294,295
Little Kids' Fleece Shorts,Jordan Essentials,21.97,13.03,37,4.08,373,21
Little Kids' Shorts,Jordan Brooklyn Fleece,19.97,10.03,33,4.72,806,27
Little Kids' Reissue T-Shirt,Jordan,19.97,2.03,9,4.02,53,277
Little Kids' Winterland T-Shirt,Jordan,16.97,5.03,22,4.33,415,209
Little Kids' Winterland T-Shirt,Jordan,17.97,4.03,18,4.2,656,136
Little Kids' T-Shirt,Nike Sportswear,15.97,4.03,20,4.48,263,230
Little Kids' T-Shirt,Nike Sportswear,16.97,3.03,15,3.59,143,48
Little Kids' T-Shirt,Nike Sportswear,17.97,2.03,10,3.59,482,78
Little Kids' Evergreen T-Shirt,Nike Futura,16.97,3.03,15,3.92,51,299
Little Kids' Evergreen T-Shirt,Nike Futura,16.97,3.03,15,4.48,156,124
Little Kids Jacket,Nike Midweight Fill Jacket,75.97,9.03,10,4.3,59,299
Little Kids' Pullover Hoodie,Nike Sportswear Club Fleece,31.97,6.03,15,3.97,72,39
Little Kids' Pullover Hoodie,Nike Sportswear Club Fleece,30.97,7.03,18,3.58,239,85
Little Kids' Pullover Hoodie,Nike Sportswear Club Fleece,31.97,6.03,15,3.81,34,166
Little Kids' Joggers,Nike Sportswear Club Fleece,31.97,6.03,15,4.02,73,27
Little Kids Hoodie,Nike Sportswear Club Fleece Pullover,30.97,7.03,18,3.54,44,227
Little Kids' Joggers,Nike Sportswear Club Fleece,32.97,5.03,13,4.1,56,24
Little Kids' French Terry Shorts,Nike Sportswear Club,26.97,3.03,10,4.41,237,154
Little Kids' French Terry Shorts,Nike Sportswear Club,21.97,8.03,26,5,132,56
Little Kids' Hoodie Set,Nike Sportswear Club Fleece,47.97,17.03,26,4.22,204,272
Little Kids' Shorts,Nike Dri-FIT Elite,28.97,3.03,9,4.75,405,195
Little Kids' Shorts,Nike Dri-FIT Elite,22.97,9.03,28,3.24,636,304
Little Kids 2-Piece Hoodie Set,Nike Full-Zip Club Set,53.97,11.03,17,4.88,89,56
Little Kids 2-Piece Hoodie Set,Nike Full-Zip Club Set,53.97,11.03,17,4.69,240,260
Little Kids 2-Piece Hoodie Set,Nike Full-Zip Club Set,41.97,23.03,35,3.36,102,67
Little Kids 2-Piece Hoodie Set,Nike Full-Zip Club Set,50.97,14.03,21,4.21,75,256
Little Kids' Rain Jacket,Nike,45.97,14.03,23,4.02,1158,49
Little Kids' 2-Piece Knit Shorts Set,Nike,37.97,6.03,13,3.99,497,39
Little Kids' 2-Piece Knit Shorts Set,Nike,39.97,4.03,9,3.73,13,279
Little Kids' 2-Piece Knit Shorts Set,Nike,37.97,6.03,13,4.16,220,138
Little Kids' 2-Piece Knit Shorts Set,Nike,37.97,6.03,13,4.56,29,63
Little Kids' 2-Piece Knit Shorts Set,Nike,37.97,6.03,13,4.59,973,77
Little Kids' Woven Pants,Nike Dri-FIT,33.97,10.03,22,4.33,131,46
Little Kids' Woven Pants,Nike Dri-FIT,33.97,10.03,22,4.22,284,100
Little Kids' Tights,Nike Dri-FIT Pro,22.97,5.03,18,4.21,111,296
Little Kids' Legend T-Shirt,Nike Dri-FIT,16.97,3.03,15,4.06,389,138
Little Kids' 2-Piece Shorts Set,Nike Tech Fleece,64.97,35.03,35,3.75,58,307
Little Kids' 2-Piece Shorts Set,Nike Tech Fleece,64.97,35.03,35,3.95,345,145
Little Kids' Hoodie,Nike Therma-FIT Kobe Bryant,41.97,8.03,16,3.58,55,290
Little Kids' Shorts,Nike Dri-FIT Kobe Bryant,23.97,6.03,20,3.67,117,237
Little Kids' Shorts,Nike Dri-FIT Kobe Bryant,24.97,5.03,16,4.85,362,124
Little Kids' Brandmark Stack T-Shirt,Nike,16.97,3.03,15,3.79,306,252
Little Kids' Sportswear Swoosh T-Shirt,Nike Sportswear,17.97,2.03,10,4.36,3,132
Little Kids' Air Max DNA T-Shirt,Nike,17.97,4.03,18,3.92,379,113
Little Kids' Paneled Windbreaker,Nike,48.97,6.03,11,4.55,135,308
Little Kids' Paneled Windbreaker,Nike,44.97,10.03,18,4.68,1,132
Little Kids' Tech Fleece Tee and Shorts Set,Nike,45.97,29.03,38,4.24,166,215
Little Kids' Tech Fleece Tee and Shorts Set,Nike,45.97,29.03,38,4.94,48,257
Little Kids' Tech Fleece Tee and Shorts Set,Nike,71.97,3.03,4,5,129,265
Little Kids' Tech Fleece 2-Piece Full-Zip Set,Nike Sportswear,95.97,29.03,23,3.62,139,198
Little Kids' Tech Fleece 2-Piece Full-Zip Set,Nike Sportswear,100.97,24.03,19,4.93,123,39
Little Kids' Tech Fleece 2-Piece Full-Zip Set,Nike Sportswear,93.97,31.03,24,3.87,457,311
Little Kids' Tech Fleece 2-Piece Full-Zip Set,Nike Sportswear,93.97,31.03,24,3.94,151,235
Little Kids' Tech Fleece 2-Piece Full-Zip Set,Nike Sportswear,106.97,18.03,14,4.36,252,188
Little Kids' Tech Fleece 2-Piece Full-Zip Set,Nike Sportswear,93.97,31.03,24,4.13,117,252
Little Kids' Tech Fleece 2-Piece Full-Zip Set,Nike Sportswear,100.97,24.03,19,4.46,227,226
Little Kids' Tech Fleece 2-Piece Full-Zip Set,Nike Sportswear,103.97,21.03,16,3.83,200,313
Little Kids' System Jacket,Nike,48.97,26.03,34,3.65,260,196
Little Kids' System Jacket,Nike,56.97,18.03,24,3.94,150,112
Little Kids' 2-Piece Full-Zip Tech Woven Set,Nike Dri-FIT,74.97,30.03,28,3.41,136,193
Little Kids' Energy 2-Piece Shorts Set,Nike,35.97,8.03,18,2.8,150,241
Little Kids' Energy 2-Piece Shorts Set,Nike,33.97,10.03,22,4.23,74,96
Little Kids' Rhythm Printed 2-Piece Shorts Set,Nike Dri-FIT,25.97,14.03,35,4.46,440,124
Little Kids' Multi Bold Graphic Top,Nike Dri-FIT,12.97,7.03,35,3.49,598,287
Little Kids' Ace Your Game 2-Piece Jersey Shorts Set,Nike,32.97,7.03,17,5,291,188
Little Kids' Pocket T-Shirt and French Terry Shorts Set,Nike Sportswear,39.97,4.03,9,3.92,117,132
Little Kids' Futura Ice Cream Tank,Nike,15.97,4.03,20,4.51,1240,107
Little Kids' Ace Arch T-Shirt,Nike,15.97,4.03,20,4.41,172,150
Little Kids' Ace Arch T-Shirt,Nike,16.97,3.03,15,3.51,244,270
Little Kids' Boxy Palm Tree T-Shirt,Nike,13.97,6.03,30,4.02,557,162
Little Kids' Boxy Palm Tree T-Shirt,Nike,15.97,4.03,20,3.98,10,82
Little Kids' French Terry Shorts,Nike Game Day Essentials,26.97,3.03,10,4.48,90,107
Little Kids' French Terry Top,Nike Game Day Essentials,35.97,6.03,14,3.53,83,214
Little Kids' 2-Piece Shorts Set,Nike Net Dri-FIT,38.97,9.03,18,3.53,65,102
Little Kids' Lightweight Fleece 2-Piece Crew Set,Nike Glow With Me,42.97,9.03,17,4.39,498,109
Little Kids' Unwrapped Futura T-Shirt,Nike,17.97,2.03,10,3.48,7,223
Little Kids' Snowboard Boxy T-Shirt,Nike,16.97,3.03,15,3.62,146,206
Little Kids' Snowboard Boxy T-Shirt,Nike,13.97,6.03,30,4.31,141,198
Little Kids' Snow Day Long Sleeve T-Shirt,Nike,22.97,5.03,18,4.03,358,226
Little Kids' Jumpman Air Cap,Jordan,16.97,3.03,15,4.09,134,146
Little Kids' Bucket Hat,Jordan,16.97,3.03,15,4.11,164,70
Little Kids' Bucket Hat,Jordan,14.97,5.03,25,4.54,111,225
Little Kids Hat,Jordan Cuffed Pom Beanie,23.97,2.03,7,4.67,187,113
Little Kids' Bucket Hat,Nike,16.97,3.03,15,4.06,24,242
Little Kids' Club Beanie and Gloves Set,Nike,18.97,5.03,21,3.73,248,74
Little Kids' Futura Apex Bucket Hat,Nike,15.97,4.03,20,5,97,214
Little Kids' Futura Apex Bucket Hat,Nike,15.97,4.03,20,3.79,552,52
Little Kids' Futura Apex Bucket Hat,Nike,15.97,4.03,20,4.12,193,254
Little Kids' Patch Toss Club Cap,Nike,16.97,3.03,15,3.62,155,20
Little Kids' Skate Shoes,Nike SB Check Canvas,32.97,17.03,34,3.34,67,106
Men's Road Running Shoes,Nike Free Run 2018,85.97,14.03,14,4.3,768,268
Women's Running Shoes,Nike Free RN 2018,85.97,14.03,14,3.88,244,271
Women's Running Shoes,Nike Free RN 2018,61.97,38.03,38,3.56,148,142
Men's Road Running Shoes,Nike Free Run Flyknit 2018,102.97,17.03,14,4.72,150,94
Women's Running Shoes,Nike Free Run Flyknit 2018,102.97,17.03,14,4.85,79,43
Women's Running Shoes,Nike Free Run Flyknit 2018,102.97,17.03,14,4.35,145,192
Women's Workout Shoes,Nike Free TR 8,85.97,14.03,14,4.36,11,137
Women's Workout Shoes,Nike Free TR 8,85.97,14.03,14,3.45,18,228
Women's Workout Shoes,Nike Free TR 8,64.97,35.03,35,3.37,296,240
Big Kids' Shoes,Nike Air Max 270,89.97,40.03,30,3.78,142,40
Big Kids' Shoes,Nike Air Max 270,81.97,48.03,37,3.67,193,274
Big Kids' Shoes,Nike Air Max 270,79.97,50.03,38,3.96,82,81
Big Kids' Shoes,Nike Air Max 270,83.97,46.03,35,3.82,224,115
Baby/Toddler Shoes,Nike Aqua Sock 360,27.97,17.03,37,4.07,58,85
Big Kids' (Boys') Pullover Hoodie,Air Jordan,38.97,16.03,29,4.19,157,148
Big Kids' 23 Jersey,Jordan,43.97,14.03,24,4.34,194,236
Big Kids' 23 Jersey,Jordan,38.97,19.03,32,3.5,119,226
Big Kids' 23 Jersey,Jordan,55.97,2.03,3,3.77,99,264
Big Kids' Training Shorts,Jordan Dri-FIT,31.97,13.03,29,4.38,7,307
Big Kids' Baseball Jersey,Jordan,41.97,13.03,23,3.86,236,171
Big Kids' Faux Down Jacket,Jordan,108.97,16.03,12,4.1,781,96
Big Kids' Lightweight Fleece-Lined Jacket,Jordan,55.97,14.03,20,4.43,72,313
Big Kid's Varsity Jacket,Jordan,88.97,21.03,19,4.73,353,188
Big Kids' Brooklyn Fleece Pullover Hoodie,Jordan,31.97,18.03,36,3.46,5,293
Big Kids' Brooklyn Fleece Pullover Hoodie,Jordan,30.97,19.03,38,4.08,63,144
Big Kids' Brooklyn Fleece Pullover Hoodie,Jordan,48.97,6.03,11,4.07,13,24
Big Kids' Jumpman Air Embroidered T-Shirt,Jordan,21.97,3.03,12,4.32,47,39
Big Kids' Jumpman Air Embroidered T-Shirt,Jordan,16.97,8.03,32,4.94,31,42
Big Kids' Jumpman Air Embroidered T-Shirt,Jordan,21.97,3.03,12,4.53,15,181
Big Kids' Statement Hoop Fleece Pants,Jordan Dri-FIT Sport,45.97,14.03,23,4.25,284,310
Big Kids' Fleece Pullover Hoodie,Jordan MJ Flight,63.97,11.03,14,4.64,136,92
Big Kids' Chicago Pants,Jordan,45.97,29.03,38,4.01,383,128
Big Kids' Chicago Pants,Jordan,45.97,29.03,38,4.15,74,60
Big Kids' Dri-FIT Compression Tights,Jordan Sport,17.97,7.03,28,3.93,589,73
Big Kids' Dri-FIT Diamond Shorts,Jordan Sport,38.97,1.03,2,3.71,2,163
Big Kids' Dri-FIT Diamond Shorts,Jordan Sport,38.97,1.03,2,3.99,174,108
Big Kids' MJ Printed Sport Diamond Shorts,Jordan Dri-FIT,30.97,14.03,31,4.01,15,62
Big Kids' MJ Printed Sport Diamond Shorts,Jordan Dri-FIT,38.97,6.03,13,3.88,443,82
Big Kids' Ease Fleece Hoodie,Jordan Therma-FIT,45.97,14.03,23,3.44,275,145
Big Kids' Ease Fleece Sweatpants,Jordan Therma-FIT,41.97,13.03,23,4.04,372,192
Big Kids' Core T-Shirt,Jordan Dri-FIT Sport,23.97,4.03,14,4.79,148,167
Big Kids' Core T-Shirt,Jordan Dri-FIT Sport,24.97,3.03,10,3.47,621,247
Big Kids' Embroidered Logo T-Shirt,Jordan,26.97,1.03,3,3.18,205,311
Big Kids' Embroidered Logo T-Shirt,Jordan,19.97,8.03,28,4.48,3,234
Big Kids' Embroidered Logo T-Shirt,Jordan,26.97,1.03,3,4.8,17,40
Big Kids' Baseline Mesh Shorts,Jordan Dri-FIT,21.97,13.03,37,4.56,280,131
Big Kids' Baseline Mesh Shorts,Jordan Dri-FIT,21.97,13.03,37,3.83,314,22
Big Kids' Jumpman Woven Play Shorts,Jordan,33.97,1.03,3,4.1,39,250
Big Kids' Jumpman Woven Play Shorts,Jordan,26.97,8.03,23,3.3,147,164
Big Kids' Poolside Woven Diamond Shorts,Jordan,27.97,17.03,37,4.39,63,43
Big Kids' Poolside Woven Diamond Shorts,Jordan,31.97,13.03,29,4.5,789,188
Big Kids' 3-In-1 System Jacket,Jordan,75.97,9.03,10,4.3,772,263
Big Kids' 3-In-1 System Jacket,Jordan,57.97,27.03,31,4.23,167,199
Big Kids' Soccer Jersey,Jordan Customized Air,30.97,19.03,38,4.08,269,210
Big Kids' Soccer Jersey,Jordan Customized Air,30.97,19.03,38,3.82,76,274
Big Kids' Essential Midweight Puffer,Jordan,95.97,14.03,12,3.66,150,58
Big Kids' Essential Midweight Puffer,Jordan,70.97,39.03,35,5,86,290
Big Kids' MVP French Terry Shorts,Jordan,27.97,17.03,37,3.9,175,194
Big Kids' MVP French Terry Shorts,Jordan,27.97,17.03,37,3.28,262,77
Big Kids' '85 Shatter T-Shirt,Jordan,22.97,7.03,23,3.3,469,54
Big Kids' Skeleton Jumpman T-Shirt,Jordan,24.97,3.03,10,3.7,602,206
Big Kids' Jordan 23 T-Shirt,Jordan Sport Dri-FIT,21.97,6.03,21,4.1,317,306
Big Kids' Jordan 23 T-Shirt,Jordan Sport Dri-FIT,21.97,6.03,21,5,231,200
Big Kids' Chicago Corduroy Pants,Jordan,75.97,24.03,24,3.55,417,176
Big Kids' Chicago Corduroy Pants,Jordan,75.97,24.03,24,4.37,34,24
Big Kids' MVP Fleece Shorts,Jordan,24.97,15.03,37,3.17,97,74
Big Kids' Fleece Shorts,Jordan Essentials,30.97,9.03,22,3.52,123,137
Big Kids' Brooklyn Printed Fleece Pullover Hoodie,Jordan,42.97,17.03,28,3.57,153,78
Big Kids' Fleece Cargo Pants,Jordan My Brooklyn Essentials,34.97,15.03,30,5,288,82
Big Kids' Pants,Jordan Brooklyn Fleece,30.97,14.03,31,4.09,284,70
Big Kids' Pants,Jordan Brooklyn Fleece,42.97,7.03,14,4.63,715,183
Big Kids' Pants,Jordan Brooklyn Fleece,39.97,5.03,11,3.67,37,93
Men's Golf Shorts,Nike Flex,48.97,16.03,24,4.16,44,106
Big Kids' Pants,Jordan Brooklyn Fleece,39.97,5.03,11,3.58,86,95
Big Kids' Pants,Jordan Brooklyn Fleece,39.97,5.03,11,3.08,577,145
Big Kids' Full-Zip Hoodie,Jordan Brooklyn Fleece,47.97,7.03,12,3.67,440,169
Big Kids' Full-Zip Hoodie,Jordan Brooklyn Fleece,48.97,6.03,11,3.77,14,251
Big Kids' Full-Zip Hoodie,Jordan Brooklyn Fleece,41.97,13.03,23,4.72,67,215
Big Kids' Pullover Hoodie,Jordan Brooklyn Fleece,31.97,18.03,36,4.22,178,91
Big Kids' Pullover Hoodie,Jordan Brooklyn Fleece,32.97,17.03,34,4.18,130,44
Big Kids' Pullover Hoodie,Jordan Brooklyn Fleece,33.97,16.03,32,5,109,293
Big Kids' Pullover Hoodie,Jordan Brooklyn Fleece,42.97,7.03,14,4.49,60,46
Big Kids' Pullover Hoodie,Jordan Brooklyn Fleece,42.97,7.03,14,3.61,138,280
Big Kids' Pullover Hoodie,Jordan Brooklyn Fleece,42.97,7.03,14,3.9,11,77
Big Kids' Pullover Hoodie,Jordan Brooklyn Fleece,32.97,17.03,34,3.47,203,244
Big Kids' Pullover Hoodie,Jordan Brooklyn Fleece,43.97,6.03,12,3.69,59,174
Big Kids' Shorts,Jordan Brooklyn Fleece,24.97,10.03,28,3.94,741,292
Big Kids' Shorts,Jordan Brooklyn Fleece,29.97,5.03,14,4.8,272,278
Big Kids' Deep Dish T-Shirt,Jordan,21.97,6.03,21,4.47,438,244
Big Kids' Label Long Sleeve T-Shirt,Air Jordan,26.97,8.03,23,3.72,13,53
Big Kids' Air Postcard Pullover Hoodie,Jordan,33.97,21.03,38,4.41,18,182
Big Kids' Deep Dish Pullover Hoodie,Jordan,59.97,10.03,14,4.38,432,218
Big Kids' Deep Dish Pullover Hoodie,Jordan,59.97,10.03,14,4.06,823,129
Big Kids' Deep Dish Poly Jersey,Jordan,41.97,13.03,23,4.73,243,317
Big Kids' Deep Dish Poly Jersey,Jordan,41.97,13.03,23,3.5,136,182
Big Kids' Distressed Chrome T-Shirt,Jordan,21.97,6.03,21,4.04,112,124
Big Kids' Distressed Chrome T-Shirt,Jordan,21.97,6.03,21,4.13,54,159
"Big Kids' ""Air Jordan Has Landed"" T-Shirt",Jordan,21.97,6.03,21,4.1,249,83
Big Kids' Reissue T-Shirt,Jordan,23.97,4.03,14,3.98,142,94
Big Kids' Comic Slam T-Shirt,Jordan,21.97,6.03,21,4.03,845,274
Big Kids' Open Fleece Pants,Jordan Brooklyn Essentials,39.97,5.03,11,3.52,966,148
Big Kids' Cave Stone 4 Retro T-Shirt,Jordan,18.97,9.03,32,4.68,576,182
Big Kids' Jumpman Drip Long Sleeve T-Shirt,Jordan,30.97,4.03,11,3,44,220
Big Kids' Winterland T-Shirt,Jordan,23.97,4.03,14,4.58,30,143
Big Kids' Fleece Pants,Jordan MVP,40.97,9.03,18,3.88,264,154
Big Kids' Panther T-Shirt,Jordan,24.97,3.03,10,3.89,80,71
Big Kids' Sketch T-Shirt,Jordan,28.97,3.03,9,3.96,31,100
Big Kids' Sketch T-Shirt,Jordan,27.97,4.03,12,5,56,43
Big Kids' AJ11 Gamma T-Shirt,Jordan,20.97,7.03,25,3.34,58,196
Big Kids' AJ11 Gamma T-Shirt,Jordan,22.97,5.03,18,3.45,183,234
Big Kids' '24 Retro Taxi T-Shirt,Jordan,21.97,6.03,21,3.61,151,216
Big Kids' Retro '24 Gamma T-Shirt,Jordan,22.97,5.03,18,4.27,201,66
Big Kids' Beanie,Jordan Dri-FIT,18.97,6.03,24,4.19,190,109
Big Kids' Beanie,Jordan Dri-FIT,20.97,4.03,16,4.03,1026,254
Big Kids' Beanie,Jordan Dri-FIT,20.97,4.03,16,4.06,71,185
Big Kids' Beanie,Jordan Dri-FIT,20.97,4.03,16,4.62,139,180
Big Kids' Jumpman Air Cap,Jordan,14.97,7.03,32,4.08,175,180
Big Kids' Backpack (17L),Jordan Air School,40.97,4.03,9,4.93,31,287
Big Kids' Backpack (17L),Jordan Air School,24.97,10.03,28,4.35,134,112
Lunch Bag (3L),Jordan,25.97,6.03,18,3.97,328,289
Big Kids' Bucket Hat,Jordan,14.97,7.03,32,3.69,347,37
Nike Soccer Scarf,North Carolina Courage,29.97,7.03,32,4.38,339,108
Big Kids' Bucket Hat,Jordan,14.97,6.03,24,3.41,273,75
Big Kids' Structured Strapback Cap,Jordan,18.97,6.03,24,3.55,180,313
Big Kids' Structured Strapback Cap,Jordan,18.97,6.03,24,4.51,541,220
Big Kids' Structured Strapback Cap,Jordan,18.97,1.03,6,4.49,102,199
Gym Sack (8.25L),Jordan,14.97,5.03,10,4.45,99,210
Clear School Backpack (17L),Jordan,44.97,9.03,18,3.67,172,271
Clear School Backpack (17L),Jordan,40.97,10.03,18,3.24,32,101
Big Kids' Backpack (18L) and Lunch Bag (3L),Air Jordan Lunch Backpack,44.97,6.03,11,4.76,801,91
Big Kids' Jersey Backpack (27L),Jordan,48.97,6.03,24,3.81,268,312
Big Kids' Jersey Flat Brim Cap,Jordan,18.97,4.03,14,4.15,485,216
Big Kids' 2-Piece Beanie Set,Jordan Essentials,23.97,5.03,18,4.87,115,251
Big Kids' 2-Piece Beanie Set,Jordan Essentials,22.97,14.03,35,3.5,174,237
Tote Bag (14L),Jordan Stadium,25.97,12.03,34,4.44,254,300
Stadium Bag (1.7L),Jordan,22.97,5.03,14,4.35,333,67
Stadium Bag (1.7L),Jordan,29.97,5.03,14,4.21,97,308
Stadium Bag (1.7L),Jordan,29.97,5.03,16,4.36,241,81
Big Kids 2-Piece Set,Jordan Pom Beanie Set,24.97,11.03,36,4.08,94,140
Big Kids 2-Piece Set,Jordan Pom Beanie Set,18.97,11.03,36,4.29,36,70
Big Kids 2-Piece Set,Jordan Pom Beanie Set,18.97,7.03,28,4.69,163,308
Big Kids' Metal Jumpman Trucker Hat,Jordan,17.97,8.03,32,4.16,516,89
Big Kids' Jumpman Foam Trucker Hat,Jordan,16.97,9.03,36,5,618,189
Big Kids' Jumpman Foam Trucker Hat,Jordan,15.97,8.03,32,4.15,26,158
Big Kids' Foam Trucker Hat,Jordan,16.97,9.03,36,4.58,13,238
Big Kids' Foam Trucker Hat,Jordan,15.97,8.03,32,3.48,57,313
Big Kids' Foam Trucker Hat,Jordan,16.97,4.03,14,4.71,424,40
Big Kids' 2-Piece 23 Jersey Beanie Set,Jordan,23.97,11.03,39,4.06,116,85
Big Kids' 2-Piece Beanie Set,Jordan,16.97,11.03,39,4.87,1042,166
Big Kids' 2-Piece Beanie Set,Jordan,16.97,11.03,36,3.45,98,205
Big Kids' 2-Piece Varsity Beanie Set,Jordan,18.97,4.03,20,3.73,147,203
Big Kids' Snapback Hat,Jordan Jumpman,15.97,4.03,12,5,198,249
Lunch Bag (6L),Nike Elite,27.97,3.03,10,3.92,154,126
Lunch Bag (6L),Nike Elite,24.97,5.03,21,4.2,192,281
Big Kids' Set,Nike Swoosh Repeat Beanie and Gloves Set,18.97,12.03,37,4.58,221,153
Big Kids' Signature Curved Brim Cap,Jordan,19.97,2.03,8,3.99,478,137
Big Kids' Varsity Beanie,Jordan,22.97,6.03,20,4.45,47,95
Big Kids' Patch Beanie 2-Piece Set,Jordan,23.97,5.03,18,3.73,15,53
Big Kids' Flight Poly Boxer Briefs (3-Pack),Jordan Dri-FIT,22.97,4.03,14,4.17,736,202
Big Kids' Flight Poly Boxer Briefs (3-Pack),Jordan Dri-FIT,23.97,4.03,14,4.37,122,142
Big Kids' Flight Poly Boxer Briefs (3-Pack),Jordan Dri-FIT,23.97,5.03,18,4.06,30,162
Nike Soccer Scarf,OL Reign,29.97,7.03,25,4.27,530,25
Big Kids' Flight Cotton Boxer Briefs (3-Pack),Jordan,22.97,5.03,18,4.04,43,147
Big Kids' Flight Cotton Boxer Briefs (3-Pack),Jordan,20.97,9.03,30,3.65,217,154
Big Kids' Flight Cotton Boxer Briefs (3-Pack),Jordan,22.97,4.03,14,3.5,260,59
Big Kids' Flight Modal Boxer Briefs (3-Pack),Jordan,20.97,3.03,10,3.59,226,92
Big Kids' Flight Base T-Shirts (2-Pack),Jordan,23.97,13.03,46,4.82,331,253
Big Kids' Flight Base T-Shirts (2-Pack),Jordan,24.97,5.03,18,4.57,1338,149
Big Kids' Tank Top (2-Pack),Jordan Flight Base,14.97,3.03,15,4.6,302,88
Big Kids' Printed Boxer Briefs (3-Pack),Nike Dri-FIT Essentials,22.97,2.03,10,4.8,718,29
Big Kids' Crew Undershirt (2-Pack),Nike,16.97,14.03,28,4.86,69,66
Big Kids' Crew Undershirt (2-Pack),Nike,17.97,35.03,39,4.06,339,308
Big Kids' Nike NBA Pullover Hoodie,Cleveland Cavaliers City Edition,35.97,13.03,14,4.44,72,178
Big Kids' Nike Dri-FIT WNBA Swingman Jersey,Cameron Brink Los Angeles Sparks 2024 Explorer Edition,54.97,13.03,14,3.23,400,137
Big Kids' Nike NBA Swingman Jersey,Giannis Antetokounmpo Milwaukee Bucks 2023/24 Icon Edition,76.97,11.03,24,4.31,29,145
Nike Soccer Scarf,Racing Louisville,29.97,11.03,24,3.26,329,240
Big Kids' Nike NBA Swingman Jersey,Victor Wembanyama San Antonio Spurs 2023/24 Icon Edition,76.97,4.03,9,4.07,32,131
Backpack (25L),Nike College Heritage (Clark Atlanta University),33.97,11.03,24,3.28,98,106
Backpack (25L),Nike College Heritage (Delaware State),33.97,15.03,33,3.96,90,260
Backpack (25L),Nike College Heritage (Florida A&M University),40.97,6.03,13,3.5,620,167
Nike College Heritage Backpack,Savannah State,33.97,11.03,24,4.39,36,251
Backpack (25L),Nike College Heritage (Howard University),29.97,4.03,9,3.84,80,198
Backpack (25L),Nike College Heritage (Southern University and A&M),38.97,4.03,9,4.06,199,63
Backpack (25L),Nike College Heritage (Tennessee State University),33.97,14.03,31,4.67,208,59
Backpack (25L),Nike College Heritage (Winston-Salem State University),40.97,9.03,23,4.18,105,89
Backpack (25L),Nike College Heritage (Yardrunners),40.97,9.03,23,3.84,465,78
Scarf,Nike College (Army),30.97,9.03,23,5,130,60
Nike Soccer Scarf,Angel City FC,29.97,9.03,23,3.81,10,171
Nike Soccer Scarf,Chicago Red Stars,29.97,9.03,23,3.76,8,240
Nike Soccer Scarf,Houston Dash,29.97,9.03,23,4.63,727,72
Nike Soccer Scarf,Kansas City Current,29.97,9.03,23,4.76,121,34
Nike Soccer Scarf,San Diego Wave,29.97,9.03,23,4.51,137,314
Nike Soccer Scarf,Washington Spirit,29.97,9.03,23,4.66,14,236
Nike NWSL Scarf,Angel City FC,29.97,9.03,23,3.99,197,79
Nike NWSL Scarf,Chicago Red Stars,29.97,9.03,23,4.39,440,31
Nike NWSL Scarf,NJ/NY Gotham FC,29.97,9.03,23,3.74,93,200
Nike NWSL Scarf,Houston Dash,29.97,9.03,23,3.66,190,237
Nike NWSL Scarf,Kansas City Current,29.97,9.03,23,3.92,48,303
Nike NWSL Scarf,Racing Louisville FC,29.97,9.03,23,4.28,245,257
Nike NWSL Scarf,North Carolina Courage,29.97,9.03,23,3.96,96,106
Nike NWSL Scarf,Orlando Pride,26.97,12.03,30,3.81,91,307
Nike NWSL Scarf,Portland Thorns FC,26.97,12.03,30,4.93,10,204
Nike NWSL Scarf,San Diego Wave FC,29.97,9.03,23,4.31,408,56
Nike NWSL Scarf,Utah Royals FC,29.97,9.03,23,3.4,340,204
Women's Shoes,Nike Air Max 270,124.97,45.03,26,4.36,22,199
Women's Shoes,Nike Air Max 270,113.97,56.03,33,4.57,188,33
Women's Shoes,Nike Air Max 270,144.97,25.03,14,4.4,90,114
Women's Shoes,Nike Air Max 270,122.97,47.03,27,3.51,23,66
Women's Shoes,Nike Air Max 270,136.97,23.03,14,3.8,61,181
Men's Shoes,Nike Air Max 270,112.97,47.03,29,3.71,420,319
Men's Shoes,Nike Air Max 270,108.97,61.03,36,4.27,181,154
Men's Shoes,Nike Air Max 270,136.97,23.03,14,4.57,367,81
Men's Golf Pants,Nike Flex,63.97,21.03,24,4.43,461,275
Men's Golf Pants,Nike Flex,63.97,21.03,24,3.85,974,312
Men's Golf Shorts,Nike Flex,48.97,16.03,24,3.55,120,28
Men's Golf Shorts,Nike Flex,48.97,16.03,24,4.07,155,144
Men's Short-Sleeve Running Top,Nike Dri-FIT Miler,25.97,9.03,25,5,571,140
Women's Running Tank,Nike Miler,26.97,8.03,23,3.21,94,150
Little Kids' Shoes,Nike Air Max 270,71.97,38.03,34,4.99,234,290
Little Kids' Shoes,Nike Air Max 270,78.97,31.03,28,4.71,167,38
Women's Wrestling T-Shirt,Nike,26.97,8.03,23,4.25,214,309
Women's Volleyball Pullover Hoodie,Nike,53.97,6.03,10,4.34,159,315
Women's Wrestling Pullover Hoodie,Nike,36.97,23.03,38,4.03,290,257
Women's Wrestling Pullover Hoodie,Nike,52.97,7.03,11,4.72,139,124
Big Kids' Wrestling Pullover Hoodie,Nike,35.97,14.03,28,4.02,195,54
Men's Max90 T-Shirt,Nike Volleyball,30.97,14.03,31,4.42,431,86
Men's Max90 T-Shirt,Nike Volleyball,40.97,4.03,9,4.29,24,198
Women's Boxy T-Shirt,Nike Volleyball,29.97,5.03,14,4.87,560,261
Women's Boxy T-Shirt,Nike Volleyball,25.97,9.03,25,3.62,1219,29
Women's Boxy T-Shirt,Nike Volleyball,23.97,11.03,31,3.71,228,53
Men's Max90 T-Shirt,Nike Wrestling,39.97,5.03,11,4.16,94,256
Men's Max90 T-Shirt,Nike Wrestling,36.97,8.03,17,4.36,194,28
Men's Max90 T-Shirt,Nike Wrestling,33.97,11.03,24,3.47,369,81
Men's Max90 T-Shirt,Nike Wrestling,39.97,5.03,11,3.73,28,26
Men's Max90 T-Shirt,Nike Weightlifting,39.97,5.03,11,3.66,20,289
Men's Max90 T-Shirt,Nike Weightlifting,37.97,7.03,15,4.13,43,214
Men's Max90 T-Shirt,Nike Weightlifting,30.97,14.03,31,4.12,164,267
Women's Boxy T-Shirt,Nike Wrestling,25.97,9.03,25,4.05,149,132
Women's Boxy T-Shirt,Nike Wrestling,26.97,8.03,23,4.68,326,31
Women's Boxy T-Shirt,Nike Wrestling,25.97,9.03,25,3.95,198,106
Women's Boxy T-Shirt,Nike Cheer,31.97,3.03,8,3.29,159,279
Women's Boxy T-Shirt,Nike Weightlifting,31.97,3.03,8,4.07,117,302
Women's Boxy T-Shirt,Nike Weightlifting,24.97,10.03,28,4.16,157,84
Women's Boxy T-Shirt,Nike Weightlifting,21.97,13.03,37,3.74,336,211
Big Kids' T-Shirt,Nike Volleyball,18.97,6.03,24,2.99,159,58
Big Kids' T-Shirt,Nike Volleyball,19.97,5.03,20,3.49,123,21
Big Kids' T-Shirt,Nike Volleyball,21.97,3.03,12,4.19,105,118
Big Kids‚Äô T-Shirt,Nike Cheer,22.97,2.03,8,3.73,110,179
Big Kids‚Äô T-Shirt,Nike Cheer,18.97,6.03,24,3.98,156,306
Big Kid's T-Shirt,Nike Wrestling,20.97,4.03,16,4.44,9,57
Big Kid's T-Shirt,Nike Wrestling,21.97,3.03,12,4.3,58,255
Men's Max90 T-Shirt,Nike Cheer,31.97,13.03,29,4.83,165,230
Men's Max90 T-Shirt,Nike Cheer,33.97,11.03,24,4.1,162,301
Men's Max90 T-Shirt,Nike Cheer,33.97,11.03,24,3.49,414,238
Women's Shoes,Nike Shox R4,127.97,22.03,14,3.39,196,112
Women's Shoes,Nike Shox R4,116.97,38.03,24,4.46,212,263
Women's Shoes,Nike Shox R4,131.97,23.03,14,4.29,823,216
Women's Shoes,Nike Shox R4,93.97,61.03,39,3.4,518,284
Women's Shoes,Nike Shox TL,144.97,25.03,14,4.24,184,248
Women's Shoes,Nike Shox TL,145.97,34.03,19,4.88,157,116
Men's Tank,Nike Sportswear,18.97,11.03,36,3.45,22,263
Men's T-Shirt,Nike Sportswear Club,26.97,3.03,10,4.42,978,192
Men's T-Shirt,Nike Sportswear Club,26.97,3.03,10,3.28,89,144
Men's T-Shirt,Nike Sportswear Club,26.97,3.03,10,3.63,316,219
Men's T-Shirt,Nike Sportswear Club,22.97,7.03,23,3.82,123,94
Men's T-Shirt,Nike Sportswear Club,26.97,3.03,10,4.23,36,59
Men's T-Shirt,Nike Sportswear Club,18.97,11.03,36,3.74,54,127
Men's T-Shirt,Nike Sportswear Club,18.97,11.03,36,3.38,1168,102
Men's T-Shirt,Nike Sportswear Club,26.97,3.03,10,4.19,102,57
Men's T-Shirt,Nike Sportswear Club,26.97,3.03,10,3.52,210,294
Men's T-Shirt,Nike Sportswear Club,26.97,3.03,10,4.41,111,233
Men's T-Shirt,Nike Sportswear Club,22.97,7.03,23,3.76,205,123
Men's T-Shirt,Nike Sportswear Club,26.97,3.03,10,3.56,198,97
Men's T-Shirt,Nike Sportswear JDI,26.97,3.03,10,4.35,158,245
Men's T-Shirt,Nike Sportswear JDI,21.97,8.03,26,4.02,108,143
Women's Shoes,Nike Air Force 1 Sage Low,106.97,18.03,14,5,69,250
Women's Shoes,Nike Air Force 1 Sage Low,87.97,37.03,29,3.96,86,293
Men's Fitness T-Shirt,Nike Dri-FIT,20.97,9.03,30,3.83,326,81
Men's Fitness T-Shirt,Nike Dri-FIT,26.97,3.03,10,3.73,161,234
Men's Fitness T-Shirt,Nike Dri-FIT,20.97,9.03,30,3.67,89,260
Men's Fitness T-Shirt,Nike Dri-FIT,25.97,4.03,13,3.86,429,95
Men's Fitness T-Shirt,Nike Dri-FIT,19.97,10.03,33,3.7,6,184
Baby Crib Bootie,"Jordan 1 ""Shattered Backboard""",59.97,10.03,14,3.75,474,254
Men's Shoes,Nike Shox TL,117.97,62.03,34,4.02,582,146
Men's Shoes,Nike Shox TL,129.97,50.03,27,4.42,24,29
Big Kids' Baseball T-Shirt,Nike Swoosh,22.97,2.03,8,4.3,56,28
Big Kids' Baseball T-Shirt,Nike Swoosh,21.97,3.03,12,3.86,909,53
Big Kids' Baseball T-Shirt,Nike Swoosh,20.97,4.03,16,3.63,113,117
Big Kids' Baseball T-Shirt,Nike Swoosh,21.97,3.03,12,4.22,137,51
Big Kids' Baseball T-Shirt,Nike Swoosh,18.97,6.03,24,4.45,417,106
Big Kids' Short-Sleeve T-Shirt,Nike College (Clark Atlanta University),21.97,6.03,21,4.36,508,302
Big Kids' Short-Sleeve T-Shirt,Nike College (Delaware State),21.97,6.03,21,3.65,25,236
Big Kids' Short-Sleeve T-Shirt,Nike College (Florida A&M University),17.97,10.03,35,3.87,398,169
Big Kids' Football T-Shirt,Nike Swoosh,21.97,3.03,12,4.19,260,291
Big Kids' Football T-Shirt,Nike Swoosh,22.97,2.03,8,4.15,38,317
Big Kids' Football T-Shirt,Nike Swoosh,22.97,2.03,8,4.21,261,275
Big Kids' Football T-Shirt,Nike Swoosh,22.97,2.03,8,4.34,574,46
Big Kids' Football T-Shirt,Nike Swoosh,22.97,2.03,8,4.55,778,214
Big Kids' Golf Short-Sleeve T-Shirt,Nike,21.97,3.03,12,4.55,53,110
Big Kids' Golf Short-Sleeve T-Shirt,Nike,22.97,2.03,8,4.65,164,206
Big Kids' Short-Sleeve T-Shirt,Nike College (Hampton University),21.97,6.03,21,3.05,469,166
Big Kids' Soccer T-Shirt,Nike Swoosh,16.97,8.03,32,5,690,41
Big Kids' Soccer T-Shirt,Nike Swoosh,19.97,5.03,20,4.15,1255,27
Big Kids' Soccer T-Shirt,Nike Swoosh,20.97,4.03,16,3.98,25,271
Big Kids' Soccer T-Shirt,Nike Swoosh,22.97,2.03,8,4.14,464,148
Baby (12-24M) Air Hoodie and Leggings Set,Nike,,,43,4.03,358,141
Little Kids' Graphic T-Shirt,Nike Dri-FIT,,,0.15,3.68,287,107
Toddler Swoosh Motion Mesh Scooter 2-Piece Set,Nike Dri-FIT,,,22,4.04,64,300
Little Kids' Femme Sport T-Shirt,Nike,19.97,2.03,10,4.19,225,136
Reversible Belt,Nike Core,,,23,4.64,224,142
Toddler Chenille Pullover Hoodie,Nike Club,,,13,4.56,3,207
Toddler Wild Flower Fashion Dress,Nike Dri-FIT,,,17,3.77,70,158
Toddler 2-Piece Shorts Set,Nike Tech Fleece,,,18,5,402,269
Toddler Hoodie,Nike Therma-FIT Kobe Bryant,,,18,4.45,275,242
Baby Tech Fleece 2-Piece Full-Zip Set,Nike Sportswear,,,24,3.93,27,240
Toddler T-Shirt,Nike Dri-FIT All Day Play,,,15,3.87,1041,193
Baby (0-9M) Mix and Match Bodysuits (3-Pack),Nike E1D1,,,23,3.56,1,108
Baby (12-24M) 2-Pack Romper Set,Nike Essentials,,,19,4.3,14,248
Baby 2-Piece Crew Set,Nike Essentials,,,23,3.54,62,95
Toddler 2-Piece Velour Flared Leggings Set,Nike,,,23,3.97,421,212
Heated Massage Wrap,Hyperice Venom 2 Back,,,19,4.18,20,171
Baby (12-24M) Wild Flower Boxy T-Shirt and Shorts Set,Nike,,,18,4.58,281,130
Toddler Wild Flower Fashion Dress,Nike Dri-FIT,,,26,4.27,686,200
Toddler Heir To The Crown 2-Piece Ribbed Pullover Set,Jordan,,,13,3.66,412,163
Toddler 2-Piece Hoodie Set,Nike Full-Zip Club Set,,,18,4.18,236,235
Baby (12-24M) Wild Flower T-Shirt and Mesh Shorts Set,Nike,,,18,4.26,32,318
Men's Football Belt (Stock),Nike,,,20,4.71,159,165
Toddler Swoosh Motion Mesh Scooter 2-Piece Set,Nike Dri-FIT,,,10,4.11,227,318
Baby Jumpman Nep Coverall,Jordan,,,15,3.92,168,314
Men's Golf Perforated Reversible Belt,Nike Tour,,,38,3.73,579,67
Women's Solid Stretch Woven Golf Belt,Nike,,,37,4.61,93,78
Toddler Crew Top,"Nike Game, Swoosh, Match!",,,18,3.32,147,208
Toddler Wild Flower 2-Piece Tempo Set,Nike Dri-FIT,,,32,3.44,82,299
Toddler Woven Pants,Nike Dri-FIT,,,22,4.73,332,35
Toddler Evergreen T-Shirt,Nike Futura,,,35,3.6,125,251
Little Kids' Woven Shorts,Nike Dri-FIT One,,,13,4.42,99,178
Toddler T-Shirt,Nike Dri-FIT All Day Play,,,15,3.54,455,168
Toddler Wild Flower 2-Piece Tank and Mesh Shorts Set,Nike Dri-FIT,,,22,4.05,901,238
Toddler Boxy Tee,Nike Club,,,15,4.72,70,273
Toddler Boxy Tee,Nike Club,,,25,4.74,790,177
Baby (12-24M) Hat,Nike UPF 40+ Bucket Hat,,,15,3.94,222,57
Men's Reversible Belt,Nike,,,22,4.29,446,289